com.samsung.health.exercise,6040047,15,,,,,,,,,,,,,,,,,,,,,,,,,,,,,,,,,,,,,
max_rpm,live_data,mean_rpm,distance,max_caloricburn_rate,additional,vo2_max,altitude_gain,deviceuuid,duration,update_time,datauuid,location_data,decline_distance,altitude_loss,mean_caloricburn_rate,incline_distance,max_altitude,max_cadence,create_time,time_offset,mean_speed,mean_heart_rate,custom,count_type,min_altitude,count,end_time,max_speed,exercise_type,start_time,max_power,pkg_name,mean_power,min_heart_rate,calorie,comment,max_heart_rate,mean_cadence,exercise_custom_type
,25c58e87-7e53-4769-9c23-81741818562b.live_data.json,,1361.6,,,,,rUH8SYH2sd,1045657,42:05.9,25c58e87-7e53-4769-9c23-81741818562b,,,,,,,,42:05.9,UTC-0700,1.3021479,,,,,,37:53.0,1.3333334,1001,20:28.0,,com.sec.android.app.shealth,,,57.62,,,,
,75d6be65-63a2-4f9c-bb8e-a56e44c3063e.live_data.json,,831.18,,,,,rUH8SYH2sd,744220,44:41.6,75d6be65-63a2-4f9c-bb8e-a56e44c3063e,,,,,,,,44:41.6,UTC-0700,1.1168472,,,,,,32:01.0,1.5,1001,19:37.0,,com.sec.android.app.shealth,,,35.13,,,,
,f00b93ff-7a51-420c-a29d-e2acedc3a66e.live_data.json,,1189.6,,,,,rUH8SYH2sd,1008289,35:01.6,f00b93ff-7a51-420c-a29d-e2acedc3a66e,,,,,,,,35:01.6,UTC-0700,1.1798204,,,,,,26:02.0,1.4708128,1001,09:14.0,,com.sec.android.app.shealth,,,53.260002,,,,
,e8c9c6aa-80d7-4c84-9815-a10394d902f9.live_data.json,,1079.78,,,,,rUH8SYH2sd,1013049,46:04.5,e8c9c6aa-80d7-4c84-9815-a10394d902f9,,,,,,,,46:04.5,UTC-0700,1.0658715,,,,,,44:04.0,1.8055556,1001,27:11.0,,com.sec.android.app.shealth,,,56.55,,,,
,cf679e1a-ff41-4851-9058-df50cbe4e3e8.live_data.json,,3116.5,,,,,rUH8SYH2sd,2641380,25:07.8,cf679e1a-ff41-4851-9058-df50cbe4e3e8,,,,,,,,25:07.8,UTC-0700,1.1798756,,,,,,24:07.0,1.2777778,1001,40:06.0,,com.sec.android.app.shealth,,,134.31999,,,,
,eded31a9-91f0-4fe3-91f4-0582d3887ec4.live_data.json,,707.53,,,,,rUH8SYH2sd,662880,24:16.5,eded31a9-91f0-4fe3-91f4-0582d3887ec4,,,,,,,,24:16.5,UTC-0700,1.0673575,,,,,,23:02.0,1.2222222,1001,12:00.0,,com.sec.android.app.shealth,,,30.449999,,,,
,6807d218-4ec2-4ee9-9058-853d3a83f37c.live_data.json,,1068.12,,,,,rUH8SYH2sd,907584,18:42.7,6807d218-4ec2-4ee9-9058-853d3a83f37c,,,,,,,,18:42.7,UTC-0700,1.1768829,,,,,,17:07.0,1.2953333,1001,02:00.0,,com.sec.android.app.shealth,,,45.49,,,,
,d945b4ed-6ec6-40ee-94de-dc185b92b92e.live_data.json,,745.03,,,,,rUH8SYH2sd,662072,52:27.1,d945b4ed-6ec6-40ee-94de-dc185b92b92e,,,,,,,,52:27.1,UTC-0700,1.1253005,,,,,,49:21.0,1.4660001,1001,38:19.0,,com.sec.android.app.shealth,,,32.24,,,,
,9aebdaa9-35e2-4ed8-9281-0662aa8ecfa2.live_data.json,,1040.66,,,,,rUH8SYH2sd,851505,12:50.2,9aebdaa9-35e2-4ed8-9281-0662aa8ecfa2,,,,,,,,12:50.2,UTC-0700,1.222142,,,,,,11:11.0,1.3062025,1001,57:00.0,,com.sec.android.app.shealth,,,46.079998,,,,
,e79204e7-1abd-4969-bcdf-fbe1b9d089c9.live_data.json,,763.67,,,,,rUH8SYH2sd,656420,15:21.9,e79204e7-1abd-4969-bcdf-fbe1b9d089c9,,,,,,,,15:21.9,UTC-0700,1.1633862,,,,,,24:19.0,1.3055556,1001,13:23.0,,com.sec.android.app.shealth,,,32.22,,,,
,5f507874-9bb6-4fa9-8b5f-f8e00740ec38.live_data.json,,860.13,,,,,rUH8SYH2sd,772638,27:14.0,5f507874-9bb6-4fa9-8b5f-f8e00740ec38,,,,,,,,27:14.0,UTC-0700,1.1132381,,,,,,25:03.0,1.291813,1001,12:11.0,,com.sec.android.app.shealth,,,42.21,,,,
,9ac5fead-7f95-4b0c-aa58-961ba51be164.live_data.json,,1128.0499,,,,,rUH8SYH2sd,1010486,13:08.6,9ac5fead-7f95-4b0c-aa58-961ba51be164,,,,,,,,13:08.6,UTC-0700,1.116344,,,,,,08:09.0,1.5277778,1001,51:18.0,,com.sec.android.app.shealth,,,49.57,,,,
,4c3b0f01-8cf5-4449-9ab5-6c6462e8b9c9.live_data.json,,873.27,,,,,rUH8SYH2sd,720000,46:59.2,4c3b0f01-8cf5-4449-9ab5-6c6462e8b9c9,,,,,,,,46:59.2,UTC-0700,1.212875,,,,,,46:00.0,1.3101667,1001,34:00.0,,com.sec.android.app.shealth,,,39.04,,,,
,3b498f0e-f7ed-463a-88d3-75baba51abc0.live_data.json,,852.88,,,,,rUH8SYH2sd,687739,42:21.9,3b498f0e-f7ed-463a-88d3-75baba51abc0,,,,,,,,42:21.9,UTC-0700,1.2401217,,,,,,39:28.0,1.2558335,1001,28:00.0,,com.sec.android.app.shealth,,,36.9,,,,
,979d6a21-7d2c-4541-9a1e-05f26c437a94.live_data.json,,931.42,,,,,rUH8SYH2sd,838650,38:48.2,979d6a21-7d2c-4541-9a1e-05f26c437a94,,,,,,,,38:48.2,UTC-0700,1.1106182,,,,,,31:59.0,1.2756666,1001,18:00.0,,com.sec.android.app.shealth,,,43.46,,,,
,d638c668-d44e-49bc-b09e-088c589cbe6e.live_data.json,,1114.59,,,,,rUH8SYH2sd,926215,28:37.2,d638c668-d44e-49bc-b09e-088c589cbe6e,,,,,,,,28:37.2,UTC-0700,1.2033815,,,,,,08:40.0,1.9722222,1001,53:14.0,,com.sec.android.app.shealth,,,48.88,,,,
,02e5f98f-021a-48dc-b0bd-2d360b7b1c5b.live_data.json,,836.6,,,,,rUH8SYH2sd,838812,41:06.5,02e5f98f-021a-48dc-b0bd-2d360b7b1c5b,,,,,,,,41:06.5,UTC-0700,0.997363,,,,,,40:03.0,1.1666666,1001,26:05.0,,com.sec.android.app.shealth,,,39.29,,,,
,8e8f3e09-3b26-43d8-b290-e98a817a667a.live_data.json,,954.88,,,,,rUH8SYH2sd,817146,55:00.2,8e8f3e09-3b26-43d8-b290-e98a817a667a,,,,,,,,55:00.2,UTC-0700,1.1685548,,,,,,46:37.0,1.25,1001,33:00.0,,com.sec.android.app.shealth,,,42.98,,,,
,b6ecc52a-f50a-4df3-b31a-89cd3480854b.live_data.json,,1035.37,,,,,rUH8SYH2sd,926185,37:26.5,b6ecc52a-f50a-4df3-b31a-89cd3480854b,,,,,,,,37:26.5,UTC-0700,1.1178868,,,,,,36:26.0,1.2281666,1001,21:00.0,,com.sec.android.app.shealth,,,46.53,,,,
,e4100f72-9979-42f7-a1d2-7339f540e30c.live_data.json,,1079.45,,,,,rUH8SYH2sd,918308,45:20.0,e4100f72-9979-42f7-a1d2-7339f540e30c,,,,,,,,45:20.0,UTC-0700,1.1754771,,,,,,44:20.0,1.3275,1001,29:01.0,,com.sec.android.app.shealth,,,51.94,,,,
,0d0c01e7-ca3b-4a92-8cab-970e5364788d.live_data.json,,1165.44,,,,,rUH8SYH2sd,1012684,04:59.8,0d0c01e7-ca3b-4a92-8cab-970e5364788d,,,,,,,,04:59.8,UTC-0700,1.1508427,,,,,,03:53.0,1.4722222,1001,47:00.0,,com.sec.android.app.shealth,,,51.66,,,,
,aaf723cf-846f-4d1f-a8bd-b30b189e9790.live_data.json,,899.11,,,,,rUH8SYH2sd,790843,02:20.3,aaf723cf-846f-4d1f-a8bd-b30b189e9790,,,,,,,,02:20.3,UTC-0700,1.1369007,,,,,,52:10.0,1.7777778,1001,39:00.0,,com.sec.android.app.shealth,,,43.04,,,,
,a058328a-41d3-4bb5-a28b-371e1f49241a.live_data.json,,789.27997,,,,,rUH8SYH2sd,701641,47:41.5,a058328a-41d3-4bb5-a28b-371e1f49241a,,,,,,,,47:41.5,UTC-0700,1.1249057,,,,,,46:41.0,1.2623333,1001,35:00.0,,com.sec.android.app.shealth,,,36.329998,,,,
,a7f5f5b3-13a0-46b1-9ff6-7a99a5879688.live_data.json,,1002.57996,,,,,rUH8SYH2sd,819400,46:45.6,a7f5f5b3-13a0-46b1-9ff6-7a99a5879688,,,,,,,,46:45.6,UTC-0700,1.2235539,,,,,,43:47.0,1.3288984,1001,30:08.0,,com.sec.android.app.shealth,,,48.11,,,,
,ec8e9deb-ec6b-4156-84a1-fd3839e74432.live_data.json,,904.5,,,,,rUH8SYH2sd,878679,12:48.1,ec8e9deb-ec6b-4156-84a1-fd3839e74432,,,,,,,,12:48.1,UTC-0700,1.0293862,,,,,,08:38.0,1.3611112,1001,54:00.0,,com.sec.android.app.shealth,,,41.38,,,,
,4d57aae4-ff66-446b-be51-90defb642a15.live_data.json,,891.55,,,,,rUH8SYH2sd,765571,48:01.5,4d57aae4-ff66-446b-be51-90defb642a15,,,,,,,,48:01.5,UTC-0700,1.1645555,,,,,,46:50.0,1.1666666,1001,34:05.0,,com.sec.android.app.shealth,,,41.02,,,,
,450230a2-faea-47e0-9b3a-a2d26256718f.live_data.json,,820.89,,,,,rUH8SYH2sd,743769,41:25.0,450230a2-faea-47e0-9b3a-a2d26256718f,,,,,,,,41:25.0,UTC-0700,1.1036894,,,,,,40:24.0,1.2222222,1001,28:00.0,,com.sec.android.app.shealth,,,39.84,,,,
,e9305729-2f17-4950-8654-bcbc4195abcc.live_data.json,,815.79,,,,,rUH8SYH2sd,662829,56:38.7,e9305729-2f17-4950-8654-bcbc4195abcc,,,,,,,,56:38.7,UTC-0700,1.23077,,,,,,54:10.0,1.4444444,1001,43:07.0,,com.sec.android.app.shealth,,,36.46,,,,
,f22c6b30-8b9a-434a-87bc-950ca8e2b202.live_data.json,,1535.45,,,,,rUH8SYH2sd,1318114,27:01.9,f22c6b30-8b9a-434a-87bc-950ca8e2b202,,,,,,,,27:01.9,UTC-0700,1.1648841,,,,,,15:58.0,1.25,1001,54:00.0,,com.sec.android.app.shealth,,,67.17,,,,
,5281f89e-6005-42b1-8e2e-3a988bedcc2c.live_data.json,,835.26,,,,,rUH8SYH2sd,724249,40:04.7,5281f89e-6005-42b1-8e2e-3a988bedcc2c,,,,,,,,40:04.7,UTC-0700,1.1532774,,,,,,39:04.0,1.2601665,1001,27:00.0,,com.sec.android.app.shealth,,,40.18,,,,
,97a4ba3a-fef0-44c8-9c59-d6f494e007a0.live_data.json,,847.67,,,,,rUH8SYH2sd,749298,03:42.5,97a4ba3a-fef0-44c8-9c59-d6f494e007a0,,,,,,,,03:42.5,UTC-0700,1.1312855,,,,,,02:41.0,1.259,1001,50:12.0,,com.sec.android.app.shealth,,,38.579998,,,,
,380c08d6-b3a2-4ff1-964d-ca8d0494e1d6.live_data.json,,791.33997,,,,,rUH8SYH2sd,669640,24:05.9,380c08d6-b3a2-4ff1-964d-ca8d0494e1d6,,,,,,,,24:05.9,UTC-0700,1.1817394,,,,,,17:16.0,1.2841997,1001,06:07.0,,com.sec.android.app.shealth,,,33.84,,,,
,c00d0547-44d1-4482-a128-6fb89bd1464d.live_data.json,,1097.71,,,,,rUH8SYH2sd,960000,45:34.5,c00d0547-44d1-4482-a128-6fb89bd1464d,,,,,,,,45:34.5,UTC-0700,1.143448,,,,,,43:00.0,1.25,1001,27:00.0,,com.sec.android.app.shealth,,,51.88,,,,
,a8ba4158-644d-4608-b886-56815e119605.live_data.json,,948.35,,,,,rUH8SYH2sd,837567,03:22.3,a8ba4158-644d-4608-b886-56815e119605,,,,,,,,03:22.3,UTC-0700,1.1322676,,,,,,02:05.0,1.3333334,1001,48:07.0,,com.sec.android.app.shealth,,,41.45,,,,
,3ed090ea-4ab5-4fab-b1dc-38de11cb96d0.live_data.json,,875.92,,,,,rUH8SYH2sd,754616,25:38.5,3ed090ea-4ab5-4fab-b1dc-38de11cb96d0,,,,,,,,25:38.5,UTC-0700,1.1607494,,,,,,24:34.0,1.3888888,1001,12:00.0,,com.sec.android.app.shealth,,,42.57,,,,
,5ddde1fc-3a32-4f3f-b857-1fb51e4ccb75.live_data.json,,719.39996,,,,,rUH8SYH2sd,704133,01:42.5,5ddde1fc-3a32-4f3f-b857-1fb51e4ccb75,,,,,,,,01:42.5,UTC-0700,1.0216819,,,,,,01:44.0,1.2503333,1001,50:00.0,,com.sec.android.app.shealth,,,33.19,,,,
,b1383781-a327-4ef4-b7b6-fc3d4729585c.live_data.json,,807.12,,,,,rUH8SYH2sd,679761,06:33.2,b1383781-a327-4ef4-b7b6-fc3d4729585c,,,,,,,,06:33.2,UTC-0700,1.1873584,,,,,,03:26.0,1.3560001,1001,52:07.0,,com.sec.android.app.shealth,,,34.9,,,,
,16800c4e-744d-475b-b6f0-8e701d5ff5f9.live_data.json,,1346.12,,,,,rUH8SYH2sd,1212037,23:17.7,16800c4e-744d-475b-b6f0-8e701d5ff5f9,,,,,,,,23:17.7,UTC-0700,1.1106261,,,,,,14:12.0,1.2222222,1001,54:00.0,,com.sec.android.app.shealth,,,60.16,,,,
,c7d1799a-d94c-4d29-994e-c61a31b962e7.live_data.json,,1017.58,,,,,rUH8SYH2sd,855596,12:05.2,c7d1799a-d94c-4d29-994e-c61a31b962e7,,,,,,,,12:05.2,UTC-0700,1.1893231,,,,,,59:15.0,1.3055556,1001,45:00.0,,com.sec.android.app.shealth,,,44.56,,,,
,8eb8b509-f932-4745-8244-be5707b75ca0.live_data.json,,953.68,,,,,rUH8SYH2sd,875920,08:04.0,8eb8b509-f932-4745-8244-be5707b75ca0,,,,,,,,08:04.0,UTC-0700,1.0887753,,,,,,06:36.0,1.1944444,1001,52:01.0,,com.sec.android.app.shealth,,,42.53,,,,
,d8efbc6e-2fdb-499c-ae9e-277fc855b813.live_data.json,,759.71,,,,,rUH8SYH2sd,695982,13:00.4,d8efbc6e-2fdb-499c-ae9e-277fc855b813,,,,,,,,13:00.4,UTC-0700,1.0915656,,,,,,11:36.0,1.251,1001,00:00.0,,com.sec.android.app.shealth,,,33.28,,,,
,af5ee2fb-ebe7-427a-bd66-de83deb5b307.live_data.json,,823.06,,,,,rUH8SYH2sd,724041,29:34.7,af5ee2fb-ebe7-427a-bd66-de83deb5b307,,,,,,,,29:34.7,UTC-0700,1.1367588,,,,,,27:04.0,1.4722222,1001,15:00.0,,com.sec.android.app.shealth,,,40.47,,,,
,84092371-bf03-4be7-b34b-1893430b9cb7.live_data.json,,867.08997,,,,,rUH8SYH2sd,786329,15:58.9,84092371-bf03-4be7-b34b-1893430b9cb7,,,,,,,,15:58.9,UTC-0700,1.1027063,,,,,,05:06.0,1.5,1001,52:00.0,,com.sec.android.app.shealth,,,39.7,,,,
,10e1f68d-63ac-4a0c-a021-471198228101.live_data.json,,832.13,,,,,rUH8SYH2sd,853878,07:29.2,10e1f68d-63ac-4a0c-a021-471198228101,,,,,,,,07:29.2,UTC-0700,0.9745303,,,,,,06:14.0,1.25,1001,52:00.0,,com.sec.android.app.shealth,,,38.4,,,,
,d7e934dd-e282-4264-aed1-75f87a88a943.live_data.json,,741.4,,,,,rUH8SYH2sd,723715,05:49.5,d7e934dd-e282-4264-aed1-75f87a88a943,,,,,,,,05:49.5,UTC-0700,1.0244365,,,,,,04:04.0,1.5833334,1001,52:00.0,,com.sec.android.app.shealth,,,33.01,,,,
,80e47f3b-b430-46d7-9e80-2ec2db082e46.live_data.json,,933.26,,,,,rUH8SYH2sd,825661,15:05.4,80e47f3b-b430-46d7-9e80-2ec2db082e46,,,,,,,,15:05.4,UTC-0700,1.1303186,,,,,,04:11.0,1.25,1001,50:26.0,,com.sec.android.app.shealth,,,40.3,,,,
,56541f46-09cf-4343-ba2e-cc1ca19224b0.live_data.json,,997.96,,,,,rUH8SYH2sd,984285,40:22.5,56541f46-09cf-4343-ba2e-cc1ca19224b0,,,,,,,,40:22.5,UTC-0700,1.0138934,,,,,,39:24.0,1.4166666,1001,23:00.0,,com.sec.android.app.shealth,,,46.35,,,,
,15936f37-cbc1-452a-89e0-4d3f5164ccc0.live_data.json,,716.27,,,,,rUH8SYH2sd,661360,15:01.3,15936f37-cbc1-452a-89e0-4d3f5164ccc0,,,,,,,,15:01.3,UTC-0700,1.0830258,,,,,,07:01.0,1.3055556,1001,56:00.0,,com.sec.android.app.shealth,,,31.039999,,,,
,361d6d78-f74a-4f74-b598-f30fba1da033.live_data.json,,1057.65,,,,,rUH8SYH2sd,980675,45:33.2,361d6d78-f74a-4f74-b598-f30fba1da033,,,,,,,,45:33.2,UTC-0700,1.0784919,,,,,,34:20.0,1.2222222,1001,18:00.0,,com.sec.android.app.shealth,,,51.38,,,,
,b03ed116-0b16-459e-8b77-ee4449a1819b.live_data.json,,1052.39,,,,,rUH8SYH2sd,915304,14:49.2,b03ed116-0b16-459e-8b77-ee4449a1819b,,,,,,,,14:49.2,UTC-0700,1.1497709,,,,,,11:15.0,1.3333334,1001,56:00.0,,com.sec.android.app.shealth,,,46.45,,,,
,20d6cc56-b78e-4c18-b65b-28721cf7d7f0.live_data.json,,839.91,,,,,rUH8SYH2sd,750378,39:02.1,20d6cc56-b78e-4c18-b65b-28721cf7d7f0,,,,,,,,39:02.1,UTC-0800,1.1193159,,,,,,37:30.0,1.1666666,1001,25:00.0,,com.sec.android.app.shealth,,,39.25,,,,
,baec8621-6417-4ca8-bc90-aa5c5c5ec88e.live_data.json,,1127.71,,,,,rUH8SYH2sd,975285,47:04.6,baec8621-6417-4ca8-bc90-aa5c5c5ec88e,,,,,,,,47:04.6,UTC-0800,1.1562876,,,,,,41:15.0,1.3246666,1001,25:00.0,,com.sec.android.app.shealth,,,52.84,,,,
,96c7bea5-6dbf-407f-95c2-80e401655987.live_data.json,,1574.87,,,,,rUH8SYH2sd,1310727,35:00.2,96c7bea5-6dbf-407f-95c2-80e401655987,,,,,,,,35:00.2,UTC-0800,1.2015241,,,,,,13:12.0,1.3333334,1001,51:22.0,,com.sec.android.app.shealth,,,68.88,,,,
,8d168ccf-f834-47e0-ab94-7808003793ab.live_data.json,,830.18,,,,,rUH8SYH2sd,728765,19:58.8,8d168ccf-f834-47e0-ab94-7808003793ab,,,,,,,,19:58.8,UTC-0800,1.1391602,,,,,,18:08.0,1.1944444,1001,06:00.0,,com.sec.android.app.shealth,,,38.86,,,,
,bddcbe52-7f35-4b17-a4a1-4029dfef58d9.live_data.json,,837.41,,,,,rUH8SYH2sd,654703,42:47.9,bddcbe52-7f35-4b17-a4a1-4029dfef58d9,,,,,,,,42:47.9,UTC-0800,1.2790685,,,,,,38:05.0,1.5339292,1001,27:11.0,,com.sec.android.app.shealth,,,35.9,,,,
,434c1837-cc57-4bdc-85a7-9d933ba21f86.live_data.json,,889.07,,,,,rUH8SYH2sd,805433,43:44.0,434c1837-cc57-4bdc-85a7-9d933ba21f86,,,,,,,,43:44.0,UTC-0800,1.1038411,,,,,,41:37.0,1.3303332,1001,28:12.0,,com.sec.android.app.shealth,,,40.77,,,,
,4e2fa012-132a-473c-b640-79374e6127fa.live_data.json,,842.33,,,,,rUH8SYH2sd,743490,45:21.7,4e2fa012-132a-473c-b640-79374e6127fa,,,,,,,,45:21.7,UTC-0800,1.1329406,,,,,,42:23.0,1.2121667,1001,30:00.0,,com.sec.android.app.shealth,,,40.08,,,,
,ec784b2b-e1ee-41d3-8782-b62a78ee717e.live_data.json,,796.85004,,,,,rUH8SYH2sd,786535,19:08.7,ec784b2b-e1ee-41d3-8782-b62a78ee717e,,,,,,,,19:08.7,UTC-0800,1.0131145,,,,,,05:06.0,1.3055556,1001,52:00.0,,com.sec.android.app.shealth,,,35.91,,,,
,4b0b4d27-8b62-47d5-9050-95ae37f1d54a.live_data.json,,893.76996,,,,,rUH8SYH2sd,771776,50:51.9,4b0b4d27-8b62-47d5-9050-95ae37f1d54a,,,,,,,,50:51.9,UTC-0800,1.1580691,,,,,,49:51.0,1.2830001,1001,37:00.0,,com.sec.android.app.shealth,,,41.17,,,,
,fc92225c-00cd-4b80-a25e-577946348a48.live_data.json,,912.21,,,,,rUH8SYH2sd,787520,07:52.9,fc92225c-00cd-4b80-a25e-577946348a48,,,,,,,,07:52.9,UTC-0800,1.1583323,,,,,,06:31.0,1.4166666,1001,53:24.0,,com.sec.android.app.shealth,,,40.66,,,,
,8df419ad-2338-41ff-a3b2-383fd0cce940.live_data.json,,864.33,,,,,rUH8SYH2sd,747109,48:42.2,8df419ad-2338-41ff-a3b2-383fd0cce940,,,,,,,,48:42.2,UTC-0800,1.1568996,,,,,,21:27.0,1.25,1001,09:00.0,,com.sec.android.app.shealth,,,41.08,,,,
,508f32c3-37ac-4325-837c-4158ebec4217.live_data.json,,845.7,,,,,rUH8SYH2sd,711743,41:29.0,508f32c3-37ac-4325-837c-4158ebec4217,,,,,,,,41:29.0,UTC-0800,1.1882098,,,,,,40:03.0,1.2777778,1001,28:11.0,,com.sec.android.app.shealth,,,38.33,,,,
,14bb574a-d7af-4842-834b-491f961f130b.live_data.json,,776.13,,,,,rUH8SYH2sd,679980,02:25.1,14bb574a-d7af-4842-834b-491f961f130b,,,,,,,,02:25.1,UTC-0800,1.1414013,,,,,,02:19.0,1.3611112,1001,51:00.0,,com.sec.android.app.shealth,,,33.09,,,,
,acd700a3-9476-4d04-8d99-1f8a06f90f31.live_data.json,,1055.93,,,,,rUH8SYH2sd,901707,37:33.0,acd700a3-9476-4d04-8d99-1f8a06f90f31,,,,,,,,37:33.0,UTC-0800,1.1710345,,,,,,36:27.0,1.2777778,1001,21:25.0,,com.sec.android.app.shealth,,,50.39,,,,
,bf30bd4b-dd66-4c7c-af21-11982fef77ae.live_data.json,,972.22,,,,,rUH8SYH2sd,756324,05:38.8,bf30bd4b-dd66-4c7c-af21-11982fef77ae,,,,,,,,05:38.8,UTC-0800,1.2854544,,,,,,59:39.0,1.3888888,1001,47:03.0,,com.sec.android.app.shealth,,,42.66,,,,
,793471b1-ef7b-4cf2-b8fd-d7dca49abde2.live_data.json,,872.52,,,,,rUH8SYH2sd,772617,41:52.2,793471b1-ef7b-4cf2-b8fd-d7dca49abde2,,,,,,,,41:52.2,UTC-0800,1.1293046,,,,,,40:52.0,1.25,1001,28:00.0,,com.sec.android.app.shealth,,,41.92,,,,
,5e2a2949-55fc-432a-a1af-7d71dfceda29.live_data.json,,832.99,,,,,rUH8SYH2sd,750799,52:27.3,5e2a2949-55fc-432a-a1af-7d71dfceda29,,,,,,,,52:27.3,UTC-0800,1.1094713,,,,,,48:31.0,1.2656666,1001,36:00.0,,com.sec.android.app.shealth,,,39.48,,,,
,739ae9dc-a513-4151-b186-db2dee6f9598.live_data.json,,920.63,,,,,rUH8SYH2sd,815720,46:59.5,739ae9dc-a513-4151-b186-db2dee6f9598,,,,,,,,46:59.5,UTC-0800,1.1286103,,,,,,45:39.0,1.2246667,1001,32:04.0,,com.sec.android.app.shealth,,,43.96,,,,
,5c98d515-bb71-4822-8137-ee9810c4af6d.live_data.json,,1036.96,,,,,rUH8SYH2sd,883763,54:42.8,5c98d515-bb71-4822-8137-ee9810c4af6d,,,,,,,,54:42.8,UTC-0800,1.1733464,,,,,,53:43.0,1.25,1001,39:00.0,,com.sec.android.app.shealth,,,49.37,,,,
,975d449b-92ba-4ee8-a721-a45ff3556a54.live_data.json,,829.44,,,,,rUH8SYH2sd,820491,17:41.2,975d449b-92ba-4ee8-a721-a45ff3556a54,,,,,,,,17:41.2,UTC-0800,1.0109069,,,,,,16:40.0,1.1843333,1001,03:00.0,,com.sec.android.app.shealth,,,37.01,,,,
,c498530d-a89c-4f4a-b668-1c10b26639b4.live_data.json,,859.7,,,,,rUH8SYH2sd,740250,53:13.2,c498530d-a89c-4f4a-b668-1c10b26639b4,,,,,,,,53:13.2,UTC-0800,1.1613644,,,,,,47:20.0,1.4444444,1001,35:00.0,,com.sec.android.app.shealth,,,38.72,,,,
,23fd91be-f0de-4fe3-970e-22cad9825cfb.live_data.json,,738.36,,,,,rUH8SYH2sd,694972,51:10.9,23fd91be-f0de-4fe3-970e-22cad9825cfb,,,,,,,,51:10.9,UTC-0800,1.0624313,,,,,,48:35.0,1.3088334,1001,37:00.0,,com.sec.android.app.shealth,,,33.17,,,,
,59e577b7-78d7-4bd3-99a3-2cd86b51a433.live_data.json,,1034.7,,,,,rUH8SYH2sd,887730,37:18.4,59e577b7-78d7-4bd3-99a3-2cd86b51a433,,,,,,,,37:18.4,UTC-0800,1.165557,,,,,,00:06.0,1.3333334,1001,45:19.0,,com.sec.android.app.shealth,,,46.14,,,,
,2a32e691-3919-4067-822f-189ed6144c45.live_data.json,,743.88,,,,,rUH8SYH2sd,661507,47:44.9,2a32e691-3919-4067-822f-189ed6144c45,,,,,,,,47:44.9,UTC-0800,1.1245233,,,,,,45:25.0,1.2777778,1001,34:24.0,,com.sec.android.app.shealth,,,35.05,,,,
,a8a6d3f2-5de9-4717-8951-fd72b3594ca7.live_data.json,,843.23,,,,,rUH8SYH2sd,756588,03:52.5,a8a6d3f2-5de9-4717-8951-fd72b3594ca7,,,,,,,,03:52.5,UTC-0800,1.1145169,,,,,,02:37.0,1.3611112,1001,50:00.0,,com.sec.android.app.shealth,,,38.12,,,,
,7a6bc501-23db-48ea-9565-2f49dab7137c.live_data.json,,1060.03,,,,,rUH8SYH2sd,932565,53:35.2,7a6bc501-23db-48ea-9565-2f49dab7137c,,,,,,,,53:35.2,UTC-0800,1.1366822,,,,,,52:32.0,1.1944444,1001,37:00.0,,com.sec.android.app.shealth,,,50.54,,,,
,7f771d61-5ca0-4eb5-b754-d22784b85f8d.live_data.json,,732.06,,,,,rUH8SYH2sd,675195,14:17.3,7f771d61-5ca0-4eb5-b754-d22784b85f8d,,,,,,,,14:17.3,UTC-0800,1.0842202,,,,,,13:15.0,1.3055556,1001,02:00.0,,com.sec.android.app.shealth,,,33.54,,,,
,73124093-4f61-4fc9-807a-baf9e560ffcc.live_data.json,,740.76,,,,,rUH8SYH2sd,656555,46:19.5,73124093-4f61-4fc9-807a-baf9e560ffcc,,,,,,,,46:19.5,UTC-0800,1.1282527,,,,,,45:03.0,1.4444444,1001,34:07.0,,com.sec.android.app.shealth,,,33.31,,,,
,6eef8432-de7d-4a03-80ed-59addd31393f.live_data.json,,776.38,,,,,rUH8SYH2sd,712096,58:28.0,6eef8432-de7d-4a03-80ed-59addd31393f,,,,,,,,58:28.0,UTC-0800,1.0902743,,,,,,54:52.0,1.2777778,1001,43:00.0,,com.sec.android.app.shealth,,,35.25,,,,
,d79710de-168b-4403-8017-9bd0e4069b40.live_data.json,,879.52,,,,,rUH8SYH2sd,733406,53:44.7,d79710de-168b-4403-8017-9bd0e4069b40,,,,,,,,53:44.7,UTC-0800,1.1992266,,,,,,52:18.0,1.3055556,1001,40:05.0,,com.sec.android.app.shealth,,,41.24,,,,
,355884c5-d969-4bc3-a3d2-0116a78556df.live_data.json,,984.55,,,,,rUH8SYH2sd,905955,12:34.8,355884c5-d969-4bc3-a3d2-0116a78556df,,,,,,,,12:34.8,UTC-0800,1.0867537,,,,,,05:05.0,1.3055556,1001,50:00.0,,com.sec.android.app.shealth,,,44.03,,,,
,4d077f83-1b64-4c6d-a913-2fce34e4a719.live_data.json,,728.79,,,,,rUH8SYH2sd,670753,23:22.5,4d077f83-1b64-4c6d-a913-2fce34e4a719,,,,,,,,23:22.5,UTC-0800,1.0865251,,,,,,31:10.0,1.1736667,1001,20:00.0,,com.sec.android.app.shealth,,,34.170002,,,,
,ab30996f-a0c1-4b6c-b21f-9ad6b8cae053.live_data.json,,792.7,,,,,rUH8SYH2sd,694453,15:33.6,ab30996f-a0c1-4b6c-b21f-9ad6b8cae053,,,,,,,,15:33.6,UTC-0800,1.1414739,,,,,,14:35.0,1.251,1001,03:00.0,,com.sec.android.app.shealth,,,36.399998,,,,
,454185a0-ac80-42d3-8aa0-d3a591162bfc.live_data.json,,1224.09,,,,,rUH8SYH2sd,1111931,09:52.9,454185a0-ac80-42d3-8aa0-d3a591162bfc,,,,,,,,09:52.9,UTC-0800,1.1008687,,,,,,49:31.0,1.3333334,1001,31:00.0,,com.sec.android.app.shealth,,,59.7,,,,
,ac839460-e076-4d6b-b54a-fb156947ac2f.live_data.json,,862.62,,,,,rUH8SYH2sd,661714,43:23.0,ac839460-e076-4d6b-b54a-fb156947ac2f,,,,,,,,43:23.0,UTC-0800,1.3036145,,,,,,35:11.0,1.5,1001,24:10.0,,com.sec.android.app.shealth,,,41.07,,,,
,da002a61-80ff-420f-aab8-8f194983872e.live_data.json,,1076.83,,,,,rUH8SYH2sd,925846,35:02.2,da002a61-80ff-420f-aab8-8f194983872e,,,,,,,,35:02.2,UTC-0800,1.1630769,,,,,,21:29.0,1.2777778,1001,06:04.0,,com.sec.android.app.shealth,,,47.6,,,,
,8c485f51-2567-4ee4-a568-99f4c83d0ba2.live_data.json,,826.8,,,,,rUH8SYH2sd,738455,25:38.5,8c485f51-2567-4ee4-a568-99f4c83d0ba2,,,,,,,,25:38.5,UTC-0800,1.119635,,,,,,22:18.0,1.1798333,1001,10:00.0,,com.sec.android.app.shealth,,,37.77,,,,
,6e71d8fd-3c18-4ecb-b3bf-cdb5333a2e4e.live_data.json,,875.23,,,,,rUH8SYH2sd,736140,52:12.7,6e71d8fd-3c18-4ecb-b3bf-cdb5333a2e4e,,,,,,,,52:12.7,UTC-0800,1.188945,,,,,,47:21.0,1.3333334,1001,35:05.0,,com.sec.android.app.shealth,,,38.7,,,,
,74cc9cd1-a76d-4d26-9b08-93c6a7c454c1.live_data.json,,726.02,,,,,rUH8SYH2sd,645187,37:46.3,74cc9cd1-a76d-4d26-9b08-93c6a7c454c1,,,,,,,,37:46.3,UTC-0800,1.1252862,,,,,,27:10.0,1.25,1001,16:25.0,,com.sec.android.app.shealth,,,33.13,,,,
,9af8e668-6e85-4ddc-b96c-50e63fac58df.live_data.json,,841.16,,,,,rUH8SYH2sd,733687,34:06.2,9af8e668-6e85-4ddc-b96c-50e63fac58df,,,,,,,,34:06.2,UTC-0800,1.1464834,,,,,,30:49.0,1.4444444,1001,18:36.0,,com.sec.android.app.shealth,,,37.56,,,,
,be9b1d25-dc02-4337-b8b4-1738f293bf18.live_data.json,,854.38,,,,,rUH8SYH2sd,709432,32:28.3,be9b1d25-dc02-4337-b8b4-1738f293bf18,,,,,,,,32:28.3,UTC-0800,1.2043155,,,,,,26:51.0,1.2777778,1001,15:01.0,,com.sec.android.app.shealth,,,40.9,,,,
,ef7a4456-ff4d-4f40-acd9-bc0265109957.live_data.json,,789.31,,,,,rUH8SYH2sd,664625,06:01.2,ef7a4456-ff4d-4f40-acd9-bc0265109957,,,,,,,,06:01.2,UTC-0800,1.187602,,,,,,05:05.0,1.3888888,1001,54:00.0,,com.sec.android.app.shealth,,,38.14,,,,
,67669543-e2c5-4879-a5d1-7c4ccacedad3.live_data.json,,1042.18,,,,,rUH8SYH2sd,825115,22:25.8,67669543-e2c5-4879-a5d1-7c4ccacedad3,,,,,,,,22:25.8,UTC-0800,1.2630724,,,,,,19:46.0,1.5277778,1001,06:01.0,,com.sec.android.app.shealth,,,45.59,,,,
,9645337b-24d3-4d9c-885f-227841ce32e6.live_data.json,,793.76,,,,,rUH8SYH2sd,672574,33:25.2,9645337b-24d3-4d9c-885f-227841ce32e6,,,,,,,,33:25.2,UTC-0800,1.1801825,,,,,,25:12.0,1.25,1001,14:00.0,,com.sec.android.app.shealth,,,39,,,,
,a305397a-b070-4461-8c67-a58b518bf4ed.live_data.json,,781.29,,,,,rUH8SYH2sd,692832,10:12.6,a305397a-b070-4461-8c67-a58b518bf4ed,,,,,,,,10:12.6,UTC-0800,1.127676,,,,,,22:42.0,1.3126665,1001,11:10.0,,com.sec.android.app.shealth,,,34.34,,,,
,e14aac81-f1f2-445f-ac5d-7ba985133b77.live_data.json,,694.67,,,,,rUH8SYH2sd,683657,22:28.0,e14aac81-f1f2-445f-ac5d-7ba985133b77,,,,,,,,22:28.0,UTC-0800,1.016109,,,,,,22:23.0,1.1666666,1001,11:00.0,,com.sec.android.app.shealth,,,32.78,,,,
,57baed5a-59dd-43f3-b4f5-1403bfe09b77.live_data.json,,892.67,,,,,rUH8SYH2sd,691793,34:29.1,57baed5a-59dd-43f3-b4f5-1403bfe09b77,,,,,,,,34:29.1,UTC-0800,1.2903715,,,,,,23:44.0,1.3333334,1001,12:13.0,,com.sec.android.app.shealth,,,39.29,,,,
,bfc4e372-338a-41df-abb1-f327ed76e901.live_data.json,,934.52997,,,,,rUH8SYH2sd,790749,51:26.8,bfc4e372-338a-41df-abb1-f327ed76e901,,,,,,,,51:26.8,UTC-0800,1.1818289,,,,,,45:10.0,1.3888888,1001,32:00.0,,com.sec.android.app.shealth,,,41.93,,,,
,5e281a3a-18b4-4def-bb83-3e5b5ffd4ae4.live_data.json,,1122.6799,,,,,rUH8SYH2sd,900930,46:13.3,5e281a3a-18b4-4def-bb83-3e5b5ffd4ae4,,,,,,,,46:13.3,UTC-0800,1.2461345,,,,,,37:02.0,1.3669999,1001,22:02.0,,com.sec.android.app.shealth,,,49.86,,,,
,74fdc646-3104-4496-8652-f10708ebf556.live_data.json,,821.49,,,,,rUH8SYH2sd,716977,24:18.7,74fdc646-3104-4496-8652-f10708ebf556,,,,,,,,24:18.7,UTC-0800,1.1457689,,,,,,22:00.0,1.3538333,1001,10:03.0,,com.sec.android.app.shealth,,,40.53,,,,
,fd0e3d40-9a46-4469-b42c-e5881d91b8c8.live_data.json,,956.52,,,,,rUH8SYH2sd,805478,31:54.3,fd0e3d40-9a46-4469-b42c-e5881d91b8c8,,,,,,,,31:54.3,UTC-0800,1.1875185,,,,,,21:25.0,1.5,1001,08:00.0,,com.sec.android.app.shealth,,,42.27,,,,
,a052b228-6534-4f28-98eb-e121e4f0bee0.live_data.json,,761.18,,,,,rUH8SYH2sd,715883,47:35.7,a052b228-6534-4f28-98eb-e121e4f0bee0,,,,,,,,47:35.7,UTC-0800,1.0632743,,,,,,22:55.0,1.3055556,1001,11:00.0,,com.sec.android.app.shealth,,,37.63,,,,
,8b45b6ad-f07a-4a57-93f9-bd96cea2aa42.live_data.json,,836.99,,,,,rUH8SYH2sd,680048,35:36.1,8b45b6ad-f07a-4a57-93f9-bd96cea2aa42,,,,,,,,35:36.1,UTC-0800,1.2307808,,,,,,31:32.0,1.3611112,1001,20:12.0,,com.sec.android.app.shealth,,,37.09,,,,
,055490ce-c98f-430d-bd4f-3a73dc069821.live_data.json,,867.85004,,,,,rUH8SYH2sd,765014,29:59.3,055490ce-c98f-430d-bd4f-3a73dc069821,,,,,,,,29:59.3,UTC-0800,1.1344237,,,,,,24:45.0,1.2777778,1001,12:00.0,,com.sec.android.app.shealth,,,42.34,,,,
,9e5db464-a815-4ff7-bf96-c26fc7130bb3.live_data.json,,810.7,,,,,rUH8SYH2sd,706162,26:52.5,9e5db464-a815-4ff7-bf96-c26fc7130bb3,,,,,,,,26:52.5,UTC-0800,1.1480368,,,,,,25:46.0,1.25,1001,14:00.0,,com.sec.android.app.shealth,,,37.920002,,,,
,c1cacbd8-8255-4f99-ac0b-c8ee202e43f4.live_data.json,,912.58,,,,,rUH8SYH2sd,733298,58:11.9,c1cacbd8-8255-4f99-ac0b-c8ee202e43f4,,,,,,,,58:11.9,UTC-0800,1.2444872,,,,,,35:36.0,1.3111668,1001,23:23.0,,com.sec.android.app.shealth,,,39.56,,,,
,f8a0250e-681b-49e7-b816-7811166715e6.live_data.json,,743.19,,,,,rUH8SYH2sd,701851,05:21.0,f8a0250e-681b-49e7-b816-7811166715e6,,,,,,,,05:21.0,UTC-0800,1.0589,,,,,,04:42.0,1.2222222,1001,53:00.0,,com.sec.android.app.shealth,,,32.47,,,,
,46d04508-c14e-4a27-be14-7eb0042bc584.live_data.json,,710.07,,,,,rUH8SYH2sd,651374,19:35.5,46d04508-c14e-4a27-be14-7eb0042bc584,,,,,,,,19:35.5,UTC-0800,1.0901111,,,,,,52:04.0,1.25,1001,41:13.0,,com.sec.android.app.shealth,,,30.61,,,,
,e23ea335-d136-4a7b-b860-02efb2272b3f.live_data.json,,1006.39,,,,,rUH8SYH2sd,846406,28:45.6,e23ea335-d136-4a7b-b860-02efb2272b3f,,,,,,,,28:45.6,UTC-0800,1.1890157,,,,,,24:23.0,1.5,1001,10:17.0,,com.sec.android.app.shealth,,,45.92,,,,
,1c73fc4e-dca6-4718-97b9-f5b02be2b166.live_data.json,,911.26,,,,,rUH8SYH2sd,835679,24:33.4,1c73fc4e-dca6-4718-97b9-f5b02be2b166,,,,,,,,24:33.4,UTC-0800,1.0904425,,,,,,23:03.0,1.5833334,1001,09:08.0,,com.sec.android.app.shealth,,,41.9,,,,
,6360499f-e25a-41c6-a242-8795ac75f078.live_data.json,,1122.16,,,,,rUH8SYH2sd,951967,58:23.8,6360499f-e25a-41c6-a242-8795ac75f078,,,,,,,,58:23.8,UTC-0800,1.1787804,,,,,,38:03.0,1.3888888,1001,22:12.0,,com.sec.android.app.shealth,,,50.29,,,,
,263875d5-01e6-4544-8e90-b29bb64ced8d.live_data.json,,814.6,,,,,rUH8SYH2sd,666748,30:06.7,263875d5-01e6-4544-8e90-b29bb64ced8d,,,,,,,,30:06.7,UTC-0700,1.221751,,,,,,25:40.0,1.262793,1001,14:34.0,,com.sec.android.app.shealth,,,39.09,,,,
,bbec603b-ab28-46d8-ae79-9be42ae109ba.live_data.json,,948.79,,,,,rUH8SYH2sd,786785,29:49.3,bbec603b-ab28-46d8-ae79-9be42ae109ba,,,,,,,,29:49.3,UTC-0700,1.2059076,,,,,,19:26.0,1.6388888,1001,06:20.0,,com.sec.android.app.shealth,,,42.37,,,,
,2323d2d2-e70b-495b-bcb5-ac57b83b9e55.live_data.json,,849.13,,,,,rUH8SYH2sd,744315,58:57.4,2323d2d2-e70b-495b-bcb5-ac57b83b9e55,,,,,,,,58:57.4,UTC-0700,1.1408207,,,,,,27:27.0,1.25,1001,15:03.0,,com.sec.android.app.shealth,,,40.9,,,,
,f2d7bb6b-edbf-4669-8ec8-6ed3e7fd778e.live_data.json,,1087.6699,,,,,rUH8SYH2sd,883936,44:30.9,f2d7bb6b-edbf-4669-8ec8-6ed3e7fd778e,,,,,,,,44:30.9,UTC-0700,1.2304851,,,,,,32:44.0,1.3611112,1001,18:01.0,,com.sec.android.app.shealth,,,48,,,,
,2f1cc85a-3540-4b35-aeb3-6f7092b8447c.live_data.json,,845.65,,,,,rUH8SYH2sd,722272,41:58.8,2f1cc85a-3540-4b35-aeb3-6f7092b8447c,,,,,,,,41:58.8,UTC-0700,1.1708194,,,,,,38:26.0,1.3888888,1001,26:24.0,,com.sec.android.app.shealth,,,39.77,,,,
,02947948-2c87-4978-b9fe-70059b5ec66b.live_data.json,,954.46,,,,,rUH8SYH2sd,839680,20:08.8,02947948-2c87-4978-b9fe-70059b5ec66b,,,,,,,,20:08.8,UTC-0700,1.1366949,,,,,,18:06.0,1.6944444,1001,04:07.0,,com.sec.android.app.shealth,,,44.35,,,,
,07be6d84-0487-4180-b475-f9e4843f8cfc.live_data.json,,738.38,,,,,rUH8SYH2sd,699232,25:35.0,07be6d84-0487-4180-b475-f9e4843f8cfc,,,,,,,,25:35.0,UTC-0700,1.0559871,,,,,,19:39.0,1.5277778,1001,08:00.0,,com.sec.android.app.shealth,,,38.5,,,,
,0df3c45b-7caf-490f-800d-6d92066ebfd2.live_data.json,,1768.11,,,,,rUH8SYH2sd,1585344,11:23.8,0df3c45b-7caf-490f-800d-6d92066ebfd2,,,,,,,,11:23.8,UTC-0700,1.1152848,,,,,,04:25.0,1.2141666,1001,38:00.0,,com.sec.android.app.shealth,,,77.56,,,,
,f79331dc-d7b5-49c0-9cbd-8011167ac6f4.live_data.json,,855.27,,,,,rUH8SYH2sd,705307,42:52.3,f79331dc-d7b5-49c0-9cbd-8011167ac6f4,,,,,,,,42:52.3,UTC-0700,1.2126209,,,,,,41:45.0,1.2777778,1001,30:00.0,,com.sec.android.app.shealth,,,40.49,,,,
,18ef8856-75e7-4aac-b596-02be92ce3b60.live_data.json,,940.25,,,,,rUH8SYH2sd,737904,04:33.0,18ef8856-75e7-4aac-b596-02be92ce3b60,,,,,,,,04:33.0,UTC-0700,1.2742172,,,,,,03:17.0,1.3895,1001,51:00.0,,com.sec.android.app.shealth,,,40.66,,,,
,1a88a303-4c1b-4d05-be5c-41961a457563.live_data.json,,1053.34,,,,,rUH8SYH2sd,929388,07:47.0,1a88a303-4c1b-4d05-be5c-41961a457563,,,,,,,,07:47.0,UTC-0700,1.1333694,,,,,,06:40.0,1.3611112,1001,51:11.0,,com.sec.android.app.shealth,,,46,,,,
,6e0f93f6-0ad7-4bdc-9a8c-4021787fe34f.live_data.json,,793.24,,,,,rUH8SYH2sd,708873,42:58.8,6e0f93f6-0ad7-4bdc-9a8c-4021787fe34f,,,,,,,,42:58.8,UTC-0700,1.1190157,,,,,,38:03.0,1.3333334,1001,26:14.0,,com.sec.android.app.shealth,,,37.82,,,,
,8acd0fba-1217-45fa-8a29-02ce41575f89.live_data.json,,725.41,,,,,rUH8SYH2sd,664944,28:48.3,8acd0fba-1217-45fa-8a29-02ce41575f89,,,,,,,,28:48.3,UTC-0700,1.0909339,,,,,,01:04.0,1.3198708,1001,50:00.0,,com.sec.android.app.shealth,,,31.53,,,,
,cb9f9d63-082c-4d85-923a-82739f7e61ed.live_data.json,,774.42,,,,,rUH8SYH2sd,678758,41:14.8,cb9f9d63-082c-4d85-923a-82739f7e61ed,,,,,,,,41:14.8,UTC-0700,1.1409369,,,,,,38:18.0,1.2222222,1001,27:00.0,,com.sec.android.app.shealth,,,36.86,,,,
,e77c73e1-83c1-4f43-83cd-54a67c69770b.live_data.json,,806.31,,,,,rUH8SYH2sd,695175,39:37.7,e77c73e1-83c1-4f43-83cd-54a67c69770b,,,,,,,,39:37.7,UTC-0700,1.1598662,,,,,,35:35.0,1.25,1001,24:00.0,,com.sec.android.app.shealth,,,39.39,,,,
,a3d4a17e-68e6-4af4-b521-2ba65dc235e8.live_data.json,,873.55,,,,,rUH8SYH2sd,747994,30:20.9,a3d4a17e-68e6-4af4-b521-2ba65dc235e8,,,,,,,,30:20.9,UTC-0700,1.1678569,,,,,,26:28.0,1.2658334,1001,14:00.0,,com.sec.android.app.shealth,,,37.83,,,,
,315f6957-bad3-43b4-8295-cf3be521af30.live_data.json,,794.33,,,,,rUH8SYH2sd,736934,46:28.7,315f6957-bad3-43b4-8295-cf3be521af30,,,,,,,,46:28.7,UTC-0700,1.0778849,,,,,,45:16.0,1.2777778,1001,33:00.0,,com.sec.android.app.shealth,,,39.53,,,,
,60d726d0-782a-4f23-8c56-0f435f61482a.live_data.json,,992.13,,,,,rUH8SYH2sd,894203,08:42.7,60d726d0-782a-4f23-8c56-0f435f61482a,,,,,,,,08:42.7,UTC-0700,1.1095132,,,,,,07:16.0,1.5555556,1001,52:22.0,,com.sec.android.app.shealth,,,43.59,,,,
,0008ef33-2fc7-4100-a6a6-678344794778.live_data.json,,767.85,,,,,rUH8SYH2sd,672737,03:27.9,0008ef33-2fc7-4100-a6a6-678344794778,,,,,,,,03:27.9,UTC-0700,1.1413822,,,,,,02:13.0,1.7222222,1001,51:00.0,,com.sec.android.app.shealth,,,34.44,,,,
,9aba2a33-bddc-4eb8-8ecb-5f7a57211181.live_data.json,,900.39,,,,,rUH8SYH2sd,798204,12:03.3,9aba2a33-bddc-4eb8-8ecb-5f7a57211181,,,,,,,,12:03.3,UTC-0700,1.1280199,,,,,,05:18.0,1.4166666,1001,52:00.0,,com.sec.android.app.shealth,,,39.579998,,,,
,7f9c4202-5174-4331-b3e7-764cc3efc0ca.live_data.json,,734.62,,,,,rUH8SYH2sd,673351,44:38.1,7f9c4202-5174-4331-b3e7-764cc3efc0ca,,,,,,,,44:38.1,UTC-0700,1.0909911,,,,,,06:13.0,1.3433334,1001,55:00.0,,com.sec.android.app.shealth,,,33.17,,,,
,68081a09-a7a8-495b-810f-deeb8cd6e78f.live_data.json,,854.58997,,,,,rUH8SYH2sd,730750,47:44.5,68081a09-a7a8-495b-810f-deeb8cd6e78f,,,,,,,,47:44.5,UTC-0700,1.1694698,,,,,,46:34.0,1.2777778,1001,34:23.0,,com.sec.android.app.shealth,,,42.31,,,,
,e64c038c-03ac-4854-aec0-99450bb530a6.live_data.json,,766.55,,,,,rUH8SYH2sd,664025,45:19.4,e64c038c-03ac-4854-aec0-99450bb530a6,,,,,,,,45:19.4,UTC-0700,1.1543993,,,,,,44:04.0,1.3055556,1001,33:00.0,,com.sec.android.app.shealth,,,37.83,,,,
,000bedcb-2baf-4bd0-816e-1f065d818496.live_data.json,,983.92,,,,,rUH8SYH2sd,759800,06:10.6,000bedcb-2baf-4bd0-816e-1f065d818496,,,,,,,,06:10.6,UTC-0700,1.2949723,,,,,,05:01.0,1.3333334,1001,52:22.0,,com.sec.android.app.shealth,,,42.84,,,,
,8c1f7c8d-d076-4908-b1af-1b57d6d518df.live_data.json,,769.23,,,,,rUH8SYH2sd,663265,52:02.8,8c1f7c8d-d076-4908-b1af-1b57d6d518df,,,,,,,,52:02.8,UTC-0700,1.1597626,,,,,,47:18.0,1.2598333,1001,36:15.0,,com.sec.android.app.shealth,,,37.149998,,,,
,7a9717c8-7b6d-4ffc-b1c1-619207ecc33a.live_data.json,,799.79004,,,,,rUH8SYH2sd,673460,35:00.6,7a9717c8-7b6d-4ffc-b1c1-619207ecc33a,,,,,,,,35:00.6,UTC-0700,1.1875834,,,,,,07:26.0,1.3333334,1001,56:13.0,,com.sec.android.app.shealth,,,34.76,,,,
,24fe5414-e155-499a-85b8-4564d59af7d4.live_data.json,,833.82,,,,,rUH8SYH2sd,739215,17:19.7,24fe5414-e155-499a-85b8-4564d59af7d4,,,,,,,,17:19.7,UTC-0700,1.1279805,,,,,,16:19.0,1.2349904,1001,04:00.0,,com.sec.android.app.shealth,,,37.64,,,,
,946ef907-6d08-453a-8b87-7a642084d7a9.live_data.json,,1041.62,,,,,rUH8SYH2sd,911251,07:41.0,946ef907-6d08-453a-8b87-7a642084d7a9,,,,,,,,07:41.0,UTC-0700,1.143066,,,,,,06:22.0,1.4444444,1001,51:11.0,,com.sec.android.app.shealth,,,46.19,,,,
,5f1c12af-91c8-465a-9667-54351cbed9b5.live_data.json,,841.48,,,,,rUH8SYH2sd,724556,49:07.2,5f1c12af-91c8-465a-9667-54351cbed9b5,,,,,,,,49:07.2,UTC-0700,1.1613733,,,,,,45:04.0,1.2777778,1001,33:00.0,,com.sec.android.app.shealth,,,38.64,,,,
,92043d90-cbe6-4e54-8fe8-36cdf5524ef5.live_data.json,,1058.27,,,,,rUH8SYH2sd,957877,34:07.8,92043d90-cbe6-4e54-8fe8-36cdf5524ef5,,,,,,,,34:07.8,UTC-0700,1.1048079,,,,,,07:16.0,1.2209998,1001,51:18.0,,com.sec.android.app.shealth,,,46.79,,,,
,b3b634a2-9fff-4a10-9c43-3798e4c803d2.live_data.json,,893.54,,,,,rUH8SYH2sd,754658,47:53.7,b3b634a2-9fff-4a10-9c43-3798e4c803d2,,,,,,,,47:53.7,UTC-0700,1.184033,,,,,,46:42.0,1.4444444,1001,34:08.0,,com.sec.android.app.shealth,,,43.09,,,,
,192f07d4-7bd8-49c3-81f7-2aa4ff19f3f5.live_data.json,,866.7,,,,,rUH8SYH2sd,766718,48:42.9,192f07d4-7bd8-49c3-81f7-2aa4ff19f3f5,,,,,,,,48:42.9,UTC-0700,1.1304027,,,,,,47:13.0,1.3611112,1001,34:27.0,,com.sec.android.app.shealth,,,39.92,,,,
,7765b34e-b873-4435-9800-1fac674a64c3.live_data.json,,864.22,,,,,rUH8SYH2sd,739525,51:34.7,7765b34e-b873-4435-9800-1fac674a64c3,,,,,,,,51:34.7,UTC-0700,1.1686151,,,,,,05:19.0,1.3333334,1001,53:00.0,,com.sec.android.app.shealth,,,38.8,,,,
,4636aabc-57a0-48ac-86b7-8b5afc7379ad.live_data.json,,802.57996,,,,,rUH8SYH2sd,714396,48:04.1,4636aabc-57a0-48ac-86b7-8b5afc7379ad,,,,,,,,48:04.1,UTC-0700,1.1234385,,,,,,47:00.0,1.25,1001,35:06.0,,com.sec.android.app.shealth,,,39.45,,,,
,b16163d5-150a-4714-a6aa-d16e4f1426e6.live_data.json,,720.74,,,,,rUH8SYH2sd,668497,14:09.9,b16163d5-150a-4714-a6aa-d16e4f1426e6,,,,,,,,14:09.9,UTC-0700,1.0781499,,,,,,11:08.0,1.3611112,1001,00:00.0,,com.sec.android.app.shealth,,,35.829998,,,,
,31308cb3-f952-4e47-bd53-325f5d4bd9d4.live_data.json,,1014.4,,,,,rUH8SYH2sd,901441,11:18.8,31308cb3-f952-4e47-bd53-325f5d4bd9d4,,,,,,,,11:18.8,UTC-0700,1.1253093,,,,,,06:18.0,1.281,1001,51:17.0,,com.sec.android.app.shealth,,,44.86,,,,
,1ba609a1-4dc5-4396-8ed1-cbbdcbf7610b.live_data.json,,850.29,,,,,rUH8SYH2sd,785143,52:10.6,1ba609a1-4dc5-4396-8ed1-cbbdcbf7610b,,,,,,,,52:10.6,UTC-0700,1.0829747,,,,,,51:06.0,1.3371667,1001,38:01.0,,com.sec.android.app.shealth,,,41.96,,,,
,6b00025b-1bcd-43ef-8e8b-4fc3362c32f2.live_data.json,,756.11,,,,,rUH8SYH2sd,706245,59:02.7,6b00025b-1bcd-43ef-8e8b-4fc3362c32f2,,,,,,,,59:02.7,UTC-0700,1.0706058,,,,,,49:53.0,1.1944444,1001,38:07.0,,com.sec.android.app.shealth,,,34.81,,,,
,fba04f04-e010-4543-b088-f7267c103306.live_data.json,,813.5,,,,,rUH8SYH2sd,708107,47:50.0,fba04f04-e010-4543-b088-f7267c103306,,,,,,,,47:50.0,UTC-0700,1.1488376,,,,,,46:51.0,1.2658817,1001,35:03.0,,com.sec.android.app.shealth,,,38.74,,,,
,97f1b073-3c48-49a1-a92a-7ef702b7b955.live_data.json,,1041.98,,,,,rUH8SYH2sd,921466,13:10.1,97f1b073-3c48-49a1-a92a-7ef702b7b955,,,,,,,,13:10.1,UTC-0700,1.130785,,,,,,11:21.0,1.3611112,1001,56:00.0,,com.sec.android.app.shealth,,,46.09,,,,
,ac5ff311-4a7a-43ba-b370-6dfa7c1cfebe.live_data.json,,729.11,,,,,rUH8SYH2sd,695931,56:34.3,ac5ff311-4a7a-43ba-b370-6dfa7c1cfebe,,,,,,,,56:34.3,UTC-0700,1.0476756,,,,,,51:36.0,1.2479999,1001,40:00.0,,com.sec.android.app.shealth,,,33.27,,,,
,b801b673-baf2-48ad-8da6-f9af2497cf06.live_data.json,,860.17,,,,,rUH8SYH2sd,756017,02:05.1,b801b673-baf2-48ad-8da6-f9af2497cf06,,,,,,,,02:05.1,UTC-0700,1.1377654,,,,,,53:36.0,1.2222222,1001,41:00.0,,com.sec.android.app.shealth,,,41.06,,,,
,3b5f5053-f446-40cd-a4c2-4291360f0a0d.live_data.json,,877.8,,,,,rUH8SYH2sd,755235,47:50.1,3b5f5053-f446-40cd-a4c2-4291360f0a0d,,,,,,,,47:50.1,UTC-0700,1.1622874,,,,,,46:35.0,1.3611112,1001,34:00.0,,com.sec.android.app.shealth,,,39.739998,,,,
,bc90d875-0a8a-44be-b475-18c95cc11dd9.live_data.json,,901.64,,,,,rUH8SYH2sd,794392,11:31.1,bc90d875-0a8a-44be-b475-18c95cc11dd9,,,,,,,,11:31.1,UTC-0700,1.1350064,,,,,,04:28.0,1.2931668,1001,51:14.0,,com.sec.android.app.shealth,,,40.1,,,,
,94efd0e8-db3f-4077-b433-bf08519f7502.live_data.json,,893.99,,,,,rUH8SYH2sd,682687,06:18.6,94efd0e8-db3f-4077-b433-bf08519f7502,,,,,,,,06:18.6,UTC-0700,1.3095168,,,,,,04:33.0,1.4444444,1001,53:11.0,,com.sec.android.app.shealth,,,36.35,,,,
,944bb72e-4237-42d5-a9e3-19c9d2495688.live_data.json,,707.56,,,,,rUH8SYH2sd,664458,54:11.0,944bb72e-4237-42d5-a9e3-19c9d2495688,,,,,,,,54:11.0,UTC-0700,1.0648679,,,,,,54:04.0,1.1944444,1001,43:00.0,,com.sec.android.app.shealth,,,32,,,,
,667773c8-8962-449b-b519-d66fa9b7866f.live_data.json,,1004.47,,,,,rUH8SYH2sd,920434,09:41.6,667773c8-8962-449b-b519-d66fa9b7866f,,,,,,,,09:41.6,UTC-0700,1.0913004,,,,,,07:20.0,1.25,1001,52:00.0,,com.sec.android.app.shealth,,,44.97,,,,
,858c7910-2d25-4538-a794-b70317eba2ee.live_data.json,,895.41003,,,,,rUH8SYH2sd,752661,55:46.0,858c7910-2d25-4538-a794-b70317eba2ee,,,,,,,,55:46.0,UTC-0700,1.189659,,,,,,51:33.0,1.2777778,1001,39:01.0,,com.sec.android.app.shealth,,,41.5,,,,
,ef4b66a5-d83e-41b7-b399-1d734c77622a.live_data.json,,1054.66,,,,,rUH8SYH2sd,921952,09:05.5,ef4b66a5-d83e-41b7-b399-1d734c77622a,,,,,,,,09:05.5,UTC-0700,1.1439425,,,,,,00:21.0,1.2777778,1001,45:00.0,,com.sec.android.app.shealth,,,48.78,,,,
,a01eeb49-7a48-4f35-9a8a-22fe396ff370.live_data.json,,926.04,,,,,rUH8SYH2sd,780152,56:01.4,a01eeb49-7a48-4f35-9a8a-22fe396ff370,,,,,,,,56:01.4,UTC-0700,1.1869996,,,,,,52:14.0,1.3055556,1001,39:14.0,,com.sec.android.app.shealth,,,44.64,,,,
,7ab6f6e1-0347-4744-a3a3-879ac89b423e.live_data.json,,1011.79,,,,,rUH8SYH2sd,847684,08:58.0,7ab6f6e1-0347-4744-a3a3-879ac89b423e,,,,,,,,08:58.0,UTC-0700,1.1935934,,,,,,05:37.0,1.3611112,1001,51:30.0,,com.sec.android.app.shealth,,,44.53,,,,
,1c9cd733-8d18-49b6-b1bd-3e084e072007.live_data.json,,850.25,,,,,rUH8SYH2sd,759429,45:37.9,1c9cd733-8d18-49b6-b1bd-3e084e072007,,,,,,,,45:37.9,UTC-0700,1.1195911,,,,,,44:39.0,1.1666666,1001,32:00.0,,com.sec.android.app.shealth,,,39.52,,,,
,0def4cd2-6ab3-4450-bea6-8d8b4f6a04b0.live_data.json,,813.34,,,,,rUH8SYH2sd,704951,49:46.0,0def4cd2-6ab3-4450-bea6-8d8b4f6a04b0,,,,,,,,49:46.0,UTC-0700,1.1537539,,,,,,48:44.0,1.2284999,1001,37:00.0,,com.sec.android.app.shealth,,,37.22,,,,
,eb399886-f6dc-4d8f-8cab-cf710e2df383.live_data.json,,718.2,,,,,rUH8SYH2sd,665868,50:02.1,eb399886-f6dc-4d8f-8cab-cf710e2df383,,,,,,,,50:02.1,UTC-0700,1.0785922,,,,,,49:11.0,1.1944444,1001,38:06.0,,com.sec.android.app.shealth,,,31.65,,,,
,41bff94b-1e14-4392-9a18-6fea6f7548c6.live_data.json,,882.70996,,,,,rUH8SYH2sd,753119,09:54.6,41bff94b-1e14-4392-9a18-6fea6f7548c6,,,,,,,,09:54.6,UTC-0700,1.1720723,,,,,,04:04.0,1.2777778,1001,51:31.0,,com.sec.android.app.shealth,,,38.829998,,,,
,001976df-6171-439c-a015-97b37f0eace1.live_data.json,,1048.26,,,,,rUH8SYH2sd,904815,09:00.3,001976df-6171-439c-a015-97b37f0eace1,,,,,,,,09:00.3,UTC-0700,1.1585351,,,,,,07:05.0,1.4722222,1001,52:00.0,,com.sec.android.app.shealth,,,46.87,,,,
,46dfcd57-e128-449e-9385-3cbb7eafb4dd.live_data.json,,831.07,,,,,rUH8SYH2sd,729855,48:42.4,46dfcd57-e128-449e-9385-3cbb7eafb4dd,,,,,,,,48:42.4,UTC-0700,1.1386782,,,,,,47:09.0,1.1944444,1001,35:00.0,,com.sec.android.app.shealth,,,37.04,,,,
,02d94800-f57b-4929-b336-11726153839d.live_data.json,,961.85004,,,,,rUH8SYH2sd,816879,06:58.3,02d94800-f57b-4929-b336-11726153839d,,,,,,,,06:58.3,UTC-0700,1.1774694,,,,,,05:36.0,1.2222222,1001,52:00.0,,com.sec.android.app.shealth,,,42.18,,,,
,6670c6e1-9acb-4936-a9df-cfa7723c72b1.live_data.json,,783.61,,,,,rUH8SYH2sd,719777,49:59.3,6670c6e1-9acb-4936-a9df-cfa7723c72b1,,,,,,,,49:59.3,UTC-0700,1.0886844,,,,,,50:00.0,1.271,1001,38:00.0,,com.sec.android.app.shealth,,,37.31,,,,
,0fa4440a-b8f0-4ba8-8df1-11a2ad7e7257.live_data.json,,981.58,,,,,rUH8SYH2sd,867432,22:27.3,0fa4440a-b8f0-4ba8-8df1-11a2ad7e7257,,,,,,,,22:27.3,UTC-0700,1.131593,,,,,,06:27.0,1.3888888,1001,52:00.0,,com.sec.android.app.shealth,,,43.48,,,,
,9753b7a9-31b5-497a-ad93-ecfbeed194f7.live_data.json,,816.96,,,,,rUH8SYH2sd,728419,46:08.5,9753b7a9-31b5-497a-ad93-ecfbeed194f7,,,,,,,,46:08.5,UTC-0700,1.1215522,,,,,,45:08.0,1.2183944,1001,33:00.0,,com.sec.android.app.shealth,,,37.26,,,,
,3c5e6eac-a606-4c0e-9d38-4bbcee410d84.live_data.json,,752.03,,,,,rUH8SYH2sd,720000,49:19.5,3c5e6eac-a606-4c0e-9d38-4bbcee410d84,,,,,,,,49:19.5,UTC-0700,1.044486,,,,,,46:00.0,1.1388888,1001,34:00.0,,com.sec.android.app.shealth,,,35.13,,,,
,30618141-0ee3-45d9-8f9f-83ff0a784520.live_data.json,,944.31,,,,,rUH8SYH2sd,800733,25:50.1,30618141-0ee3-45d9-8f9f-83ff0a784520,,,,,,,,25:50.1,UTC-0700,1.1793069,,,,,,03:22.0,1.3611112,1001,50:02.0,,com.sec.android.app.shealth,,,43.01,,,,
,2aa6ae69-bf80-4eb4-9052-bb89d825c7b9.live_data.json,,1215.26,,,,,rUH8SYH2sd,1055145,33:41.9,2aa6ae69-bf80-4eb4-9052-bb89d825c7b9,,,,,,,,33:41.9,UTC-0700,1.151747,,,,,,01:35.0,1.1666666,1001,44:00.0,,com.sec.android.app.shealth,,,52.72,,,,
,6ccd9282-0061-4127-a42d-b316dcc2c500.live_data.json,,1465.63,,,,,rUH8SYH2sd,1636134,00:14.0,6ccd9282-0061-4127-a42d-b316dcc2c500,,,,,,,,00:14.0,UTC-0700,0.89578843,,,,,,54:16.0,1.2222222,1001,27:00.0,,com.sec.android.app.shealth,,,62.27,,,,
,57c37cbc-3159-44f7-8abe-71a5dd01307b.live_data.json,,3348.81,,,,,rUH8SYH2sd,2826300,39:50.0,57c37cbc-3159-44f7-8abe-71a5dd01307b,,,,,,,,39:50.0,UTC-0700,1.1848743,,,,,,38:06.0,1.2222222,1001,51:00.0,,com.sec.android.app.shealth,,,143.78,,,,
,0f543497-b0f9-42b1-968a-a71558ea5dde.live_data.json,,716.77997,,,,,rUH8SYH2sd,664066,37:15.3,0f543497-b0f9-42b1-968a-a71558ea5dde,,,,,,,,37:15.3,UTC-0700,1.0793806,,,,,,36:04.0,1.25,1001,25:00.0,,com.sec.android.app.shealth,,,30.789999,,,,
,8e7c4237-0d1c-4070-88c1-59cc5493ff75.live_data.json,,750.72,,,,,rUH8SYH2sd,668816,47:41.3,8e7c4237-0d1c-4070-88c1-59cc5493ff75,,,,,,,,47:41.3,UTC-0700,1.1224612,,,,,,02:42.0,1.4166666,1001,51:34.0,,com.sec.android.app.shealth,,,38.66,,,,
,132c471b-dee5-4174-a143-0686539ebad0.live_data.json,,952.33,,,,,rUH8SYH2sd,840089,03:36.5,132c471b-dee5-4174-a143-0686539ebad0,,,,,,,,03:36.5,UTC-0700,1.1336061,,,,,,02:00.0,1.3015,1001,48:00.0,,com.sec.android.app.shealth,,,42.35,,,,
,f9b9da7f-3de7-4b27-a760-4bb80fabb410.live_data.json,,1034.49,,,,,rUH8SYH2sd,904616,42:00.9,f9b9da7f-3de7-4b27-a760-4bb80fabb410,,,,,,,,42:00.9,UTC-0700,1.1435682,,,,,,41:04.0,1.4166666,1001,26:00.0,,com.sec.android.app.shealth,,,49.49,,,,
,0ae5306b-1cf2-4c0c-8c14-9a51b182963f.live_data.json,,935.39,,,,,rUH8SYH2sd,841319,09:36.8,0ae5306b-1cf2-4c0c-8c14-9a51b182963f,,,,,,,,09:36.8,UTC-0700,1.1118137,,,,,,00:04.0,1.5277778,1001,46:03.0,,com.sec.android.app.shealth,,,41.079998,,,,
,b5c34725-d7ff-4b7e-9499-5225305949be.live_data.json,,883.79,,,,,rUH8SYH2sd,729646,40:11.5,b5c34725-d7ff-4b7e-9499-5225305949be,,,,,,,,40:11.5,UTC-0700,1.2112585,,,,,,39:09.0,1.3769013,1001,27:00.0,,com.sec.android.app.shealth,,,43.23,,,,
,288ddf64-fcf8-43f9-9cd8-8c1085374f0a.live_data.json,,961.85,,,,,rUH8SYH2sd,824996,17:45.2,288ddf64-fcf8-43f9-9cd8-8c1085374f0a,,,,,,,,17:45.2,UTC-0700,1.1658845,,,,,,07:08.0,1.2777778,1001,53:23.0,,com.sec.android.app.shealth,,,44.81,,,,
,5ee0227e-5c17-43da-a342-5802c99ca897.live_data.json,,784.6,,,,,rUH8SYH2sd,680874,46:19.8,5ee0227e-5c17-43da-a342-5802c99ca897,,,,,,,,46:19.8,UTC-0700,1.1523424,,,,,,45:20.0,1.3709999,1001,34:00.0,,com.sec.android.app.shealth,,,39.6,,,,
,71b7fa25-b0a7-4cf4-997d-06787742a5ee.live_data.json,,746.16,,,,,rUH8SYH2sd,669805,41:47.5,71b7fa25-b0a7-4cf4-997d-06787742a5ee,,,,,,,,41:47.5,UTC-0700,1.1139958,,,,,,37:27.0,1.3313252,1001,26:18.0,,com.sec.android.app.shealth,,,34.46,,,,
,467385d5-6fc0-48c5-81c3-55afab96846b.live_data.json,,846.06,,,,,rUH8SYH2sd,742326,38:35.7,467385d5-6fc0-48c5-81c3-55afab96846b,,,,,,,,38:35.7,UTC-0700,1.1397419,,,,,,37:35.0,1.25,1001,25:13.0,,com.sec.android.app.shealth,,,37.52,,,,
,6382fce5-535e-44d3-9c70-5a7473f7348c.live_data.json,,844.25,,,,,rUH8SYH2sd,800382,20:20.3,6382fce5-535e-44d3-9c70-5a7473f7348c,,,,,,,,20:20.3,UTC-0700,1.0548089,,,,,,05:26.0,1.2777778,1001,52:05.0,,com.sec.android.app.shealth,,,39.72,,,,
,c1267ed5-f807-4e48-8880-e4becae4317f.live_data.json,,778.83,,,,,rUH8SYH2sd,672231,47:13.7,c1267ed5-f807-4e48-8880-e4becae4317f,,,,,,,,47:13.7,UTC-0700,1.1585749,,,,,,46:12.0,1.2633333,1001,35:00.0,,com.sec.android.app.shealth,,,36.66,,,,
,295ff2f2-098e-40bb-ad31-ed0365267e17.live_data.json,,912.8,,,,,rUH8SYH2sd,791557,46:01.4,295ff2f2-098e-40bb-ad31-ed0365267e17,,,,,,,,46:01.4,UTC-0700,1.1531703,,,,,,32:24.0,1.3333334,1001,19:13.0,,com.sec.android.app.shealth,,,40.76,,,,
,e4c3358d-c4da-4636-a655-c70f03eac73f.live_data.json,,959.32,,,,,rUH8SYH2sd,810781,45:27.7,e4c3358d-c4da-4636-a655-c70f03eac73f,,,,,,,,45:27.7,UTC-0700,1.1832048,,,,,,37:42.0,1.3055556,1001,24:12.0,,com.sec.android.app.shealth,,,45.55,,,,
,2a74bc2b-0c7d-4fe1-957d-2b9b75613262.live_data.json,,722.46,,,,,rUH8SYH2sd,699847,43:37.1,2a74bc2b-0c7d-4fe1-957d-2b9b75613262,,,,,,,,43:37.1,UTC-0700,1.0323114,,,,,,43:39.0,1.25,1001,32:00.0,,com.sec.android.app.shealth,,,34.17,,,,
,c8b2c433-fa0f-4884-aa19-e19b8ce9246e.live_data.json,,800.5,,,,,rUH8SYH2sd,719094,50:33.4,c8b2c433-fa0f-4884-aa19-e19b8ce9246e,,,,,,,,50:33.4,UTC-0700,1.1132063,,,,,,47:05.0,1.2745,1001,35:06.0,,com.sec.android.app.shealth,,,39.12,,,,
,c00cda1f-6240-4924-a6bb-dc2ed0681d62.live_data.json,,834.63,,,,,rUH8SYH2sd,783360,58:22.5,c00cda1f-6240-4924-a6bb-dc2ed0681d62,,,,,,,,58:22.5,UTC-0700,1.0654489,,,,,,57:07.0,1.25,1001,44:04.0,,com.sec.android.app.shealth,,,38.19,,,,
,18c5d405-d95b-4ef8-991c-16baa4da91f1.live_data.json,,758.82,,,,,rUH8SYH2sd,695539,29:25.3,18c5d405-d95b-4ef8-991c-16baa4da91f1,,,,,,,,29:25.3,UTC-0700,1.0909812,,,,,,09:35.0,1.3333334,1001,58:00.0,,com.sec.android.app.shealth,,,36.63,,,,
,6198db41-a8ee-4c78-ac8f-2b8dd2c19e79.live_data.json,,826.01,,,,,rUH8SYH2sd,804883,13:37.9,6198db41-a8ee-4c78-ac8f-2b8dd2c19e79,,,,,,,,13:37.9,UTC-0700,1.0262485,,,,,,12:24.0,1.3055556,1001,59:00.0,,com.sec.android.app.shealth,,,37.69,,,,
,2a49f902-2061-475c-bfda-d639570af31b.live_data.json,,950.17,,,,,rUH8SYH2sd,844713,42:48.9,2a49f902-2061-475c-bfda-d639570af31b,,,,,,,,42:48.9,UTC-0800,1.1248436,,,,,,40:04.0,1.25,1001,26:00.0,,com.sec.android.app.shealth,,,44.47,,,,
,e061c6d6-1064-4dd3-9b8e-2cd6111aad49.live_data.json,,770.32,,,,,rUH8SYH2sd,710086,50:04.9,e061c6d6-1064-4dd3-9b8e-2cd6111aad49,,,,,,,,50:04.9,UTC-0800,1.0848264,,,,,,49:05.0,1.3611112,1001,37:15.0,,com.sec.android.app.shealth,,,32.5,,,,
,206f6343-dae3-4b28-9b93-a3e3bc0a17f0.live_data.json,,970.27,,,,,rUH8SYH2sd,841006,11:26.8,206f6343-dae3-4b28-9b93-a3e3bc0a17f0,,,,,,,,11:26.8,UTC-0800,1.1537017,,,,,,08:07.0,1.2855959,1001,54:06.0,,com.sec.android.app.shealth,,,44.34,,,,
,1a669c83-3de5-4ef5-a795-119192250fa6.live_data.json,,705.32,,,,,rUH8SYH2sd,653312,49:26.4,1a669c83-3de5-4ef5-a795-119192250fa6,,,,,,,,49:26.4,UTC-0800,1.0796067,,,,,,48:19.0,1.25,1001,37:26.0,,com.sec.android.app.shealth,,,32.86,,,,
,c0b9bd70-2182-409e-858a-4ac252055113.live_data.json,,781.84,,,,,rUH8SYH2sd,676656,49:56.1,c0b9bd70-2182-409e-858a-4ac252055113,,,,,,,,49:56.1,UTC-0800,1.1554468,,,,,,48:23.0,1.2095,1001,37:07.0,,com.sec.android.app.shealth,,,34.85,,,,
,ab2be696-1b8c-43cf-822b-72cb33243c01.live_data.json,,986.66003,,,,,rUH8SYH2sd,919790,14:58.9,ab2be696-1b8c-43cf-822b-72cb33243c01,,,,,,,,14:58.9,UTC-0800,1.0727015,,,,,,06:19.0,1.1666666,1001,51:00.0,,com.sec.android.app.shealth,,,44.670002,,,,
,3c66fd4b-8251-486e-b40f-a2ffed06804a.live_data.json,,1075.4,,,,,rUH8SYH2sd,895242,14:01.0,3c66fd4b-8251-486e-b40f-a2ffed06804a,,,,,,,,14:01.0,UTC-0800,1.2012395,,,,,,02:27.0,1.6666666,1001,47:32.0,,com.sec.android.app.shealth,,,47.15,,,,
,2f8d1fb7-e1ec-43bc-95c2-c15fe4becc32.live_data.json,,781.77997,,,,,rUH8SYH2sd,668169,49:24.4,2f8d1fb7-e1ec-43bc-95c2-c15fe4becc32,,,,,,,,49:24.4,UTC-0800,1.1700333,,,,,,48:08.0,1.3153332,1001,37:00.0,,com.sec.android.app.shealth,,,36.35,,,,
,e1354943-7471-4d35-9cae-51db23dfc9a8.live_data.json,,1050.3099,,,,,rUH8SYH2sd,934901,14:42.2,e1354943-7471-4d35-9cae-51db23dfc9a8,,,,,,,,14:42.2,UTC-0800,1.1234452,,,,,,07:05.0,1.2481667,1001,51:30.0,,com.sec.android.app.shealth,,,47.68,,,,
,925e5445-be2b-4e3e-b4d1-8cad2fac9e8d.live_data.json,,968.51,,,,,rUH8SYH2sd,872932,58:31.6,925e5445-be2b-4e3e-b4d1-8cad2fac9e8d,,,,,,,,58:31.6,UTC-0800,1.1094908,,,,,,57:32.0,1.3333334,1001,43:00.0,,com.sec.android.app.shealth,,,48.96,,,,
,97e1734d-4b0f-4111-a50f-f62bd40e8e6a.live_data.json,,872.62,,,,,rUH8SYH2sd,813325,46:33.1,97e1734d-4b0f-4111-a50f-f62bd40e8e6a,,,,,,,,46:33.1,UTC-0800,1.0729043,,,,,,44:33.0,1.25,1001,31:00.0,,com.sec.android.app.shealth,,,40.38,,,,
,a06ce463-5325-49dc-8044-ef6903a68aab.live_data.json,,980.64996,,,,,rUH8SYH2sd,812375,49:12.8,a06ce463-5325-49dc-8044-ef6903a68aab,,,,,,,,49:12.8,UTC-0800,1.2071395,,,,,,48:10.0,1.2777778,1001,34:37.0,,com.sec.android.app.shealth,,,47.27,,,,
,2da17a43-1277-410d-8d69-92ef6a30246f.live_data.json,,1001.68,,,,,rUH8SYH2sd,839907,00:02.2,2da17a43-1277-410d-8d69-92ef6a30246f,,,,,,,,00:02.2,UTC-0800,1.1926081,,,,,,56:10.0,1.3333334,1001,42:10.0,,com.sec.android.app.shealth,,,45.8,,,,
,480bb1d7-c260-4fca-bf57-81b56600e0c1.live_data.json,,884.74,,,,,rUH8SYH2sd,792840,51:33.6,480bb1d7-c260-4fca-bf57-81b56600e0c1,,,,,,,,51:33.6,UTC-0800,1.1159124,,,,,,48:40.0,1.2777778,1001,35:28.0,,com.sec.android.app.shealth,,,42.23,,,,
,45e82a97-68a9-4e15-8712-3da3e6d5b45d.live_data.json,,924.58,,,,,rUH8SYH2sd,775583,40:18.9,45e82a97-68a9-4e15-8712-3da3e6d5b45d,,,,,,,,40:18.9,UTC-0800,1.1921098,,,,,,14:55.0,1.4166666,1001,02:00.0,,com.sec.android.app.shealth,,,42.489998,,,,
,5c0fba46-6c82-4251-9dcf-f23781ef61b1.live_data.json,,751.04,,,,,rUH8SYH2sd,662531,07:34.0,5c0fba46-6c82-4251-9dcf-f23781ef61b1,,,,,,,,07:34.0,UTC-0800,1.1335922,,,,,,54:09.0,1.3476667,1001,43:06.0,,com.sec.android.app.shealth,,,31.9,,,,
,90a439b2-83b9-4c05-bcd8-d55c7c64cf72.live_data.json,,767.77,,,,,rUH8SYH2sd,659339,55:01.6,90a439b2-83b9-4c05-bcd8-d55c7c64cf72,,,,,,,,55:01.6,UTC-0800,1.1644541,,,,,,18:19.0,1.3208333,1001,07:20.0,,com.sec.android.app.shealth,,,32.62,,,,
,dc003eb0-fe9d-482f-87bf-4c89cba1735f.live_data.json,,898.87,,,,,rUH8SYH2sd,783932,45:04.8,dc003eb0-fe9d-482f-87bf-4c89cba1735f,,,,,,,,45:04.8,UTC-0800,1.1466173,,,,,,44:04.0,1.319,1001,31:00.0,,com.sec.android.app.shealth,,,43.27,,,,
,a3e118e7-a8de-49a4-b0d4-30d0f0dc51ca.live_data.json,,726.43,,,,,rUH8SYH2sd,657417,54:15.3,a3e118e7-a8de-49a4-b0d4-30d0f0dc51ca,,,,,,,,54:15.3,UTC-0800,1.1049759,,,,,,53:29.0,1.2488333,1001,42:32.0,,com.sec.android.app.shealth,,,31.09,,,,
,ee8c3dc5-b9de-4959-a5ff-47ca2c9bcd6a.live_data.json,,823.85,,,,,rUH8SYH2sd,717308,50:58.9,ee8c3dc5-b9de-4959-a5ff-47ca2c9bcd6a,,,,,,,,50:58.9,UTC-0800,1.1485304,,,,,,49:57.0,1.25,1001,38:00.0,,com.sec.android.app.shealth,,,40.77,,,,
,11063990-f5eb-4662-9824-c122f4fae2bc.live_data.json,,907.64,,,,,rUH8SYH2sd,775884,05:37.6,11063990-f5eb-4662-9824-c122f4fae2bc,,,,,,,,05:37.6,UTC-0800,1.169814,,,,,,03:07.0,1.3234999,1001,50:12.0,,com.sec.android.app.shealth,,,40.829998,,,,
,537efda8-6d5a-4314-b315-094a4201f67c.live_data.json,,756.39,,,,,rUH8SYH2sd,663253,30:51.1,537efda8-6d5a-4314-b315-094a4201f67c,,,,,,,,30:51.1,UTC-0800,1.1404245,,,,,,28:06.0,1.2222222,1001,17:03.0,,com.sec.android.app.shealth,,,33.7,,,,
,a399f7ef-d947-456b-9d76-afc6aa30dddc.live_data.json,,995.63,,,,,rUH8SYH2sd,856615,34:38.5,a399f7ef-d947-456b-9d76-afc6aa30dddc,,,,,,,,34:38.5,UTC-0800,1.162284,,,,,,09:49.0,1.3055556,1001,55:33.0,,com.sec.android.app.shealth,,,45.19,,,,
,639e5426-6828-4e4d-80fb-5d05387177b7.live_data.json,,707.05,,,,,rUH8SYH2sd,665625,55:00.6,639e5426-6828-4e4d-80fb-5d05387177b7,,,,,,,,55:00.6,UTC-0800,1.0622348,,,,,,59:05.0,1.1751667,1001,48:00.0,,com.sec.android.app.shealth,,,31.33,,,,
,efa84157-5b33-4cdd-814a-17dfadcda5d6.live_data.json,,771.89996,,,,,rUH8SYH2sd,679258,19:24.9,efa84157-5b33-4cdd-814a-17dfadcda5d6,,,,,,,,19:24.9,UTC-0800,1.1363871,,,,,,58:39.0,1.34,1001,47:20.0,,com.sec.android.app.shealth,,,32.72,,,,
,62fe5ad6-84cf-4a3b-8dc4-765c48cded2c.live_data.json,,810.47,,,,,rUH8SYH2sd,685376,31:43.8,62fe5ad6-84cf-4a3b-8dc4-765c48cded2c,,,,,,,,31:43.8,UTC-0800,1.1825188,,,,,,30:28.0,1.6944444,1001,19:03.0,,com.sec.android.app.shealth,,,34.71,,,,
,91575d40-fa38-47bc-a5e6-90a6fc5f6902.live_data.json,,737.22003,,,,,rUH8SYH2sd,662646,57:00.1,91575d40-fa38-47bc-a5e6-90a6fc5f6902,,,,,,,,57:00.1,UTC-0800,1.1125398,,,,,,53:02.0,1.2222222,1001,42:00.0,,com.sec.android.app.shealth,,,33.82,,,,
,2cf83ef0-ff2d-4764-9324-3016db1dc1d7.live_data.json,,881.25,,,,,rUH8SYH2sd,798173,05:17.4,2cf83ef0-ff2d-4764-9324-3016db1dc1d7,,,,,,,,05:17.4,UTC-0800,1.1040839,,,,,,04:18.0,1.3611112,1001,51:00.0,,com.sec.android.app.shealth,,,39.27,,,,
,3b67a613-a79f-43d5-be19-3a61719d84fa.live_data.json,,754.72,,,,,rUH8SYH2sd,670810,19:17.3,3b67a613-a79f-43d5-be19-3a61719d84fa,,,,,,,,19:17.3,UTC-0800,1.1250876,,,,,,57:11.0,1.3451667,1001,46:01.0,,com.sec.android.app.shealth,,,32.34,,,,
,85f4b1b0-d871-4f27-83ec-f842664bb2c7.live_data.json,,824.08997,,,,,rUH8SYH2sd,693940,31:51.6,85f4b1b0-d871-4f27-83ec-f842664bb2c7,,,,,,,,31:51.6,UTC-0800,1.1875522,,,,,,30:51.0,1.236,1001,19:17.0,,com.sec.android.app.shealth,,,35.579998,,,,
,dd3076ac-8752-4e3e-a10f-d984f4d7f119.live_data.json,,1052.19,,,,,rUH8SYH2sd,778656,35:00.8,dd3076ac-8752-4e3e-a10f-d984f4d7f119,,,,,,,,35:00.8,UTC-0800,1.3512899,,,,,,57:59.0,1.5555556,1001,45:00.0,,com.sec.android.app.shealth,,,43.36,,,,
,618a8b49-320a-4377-95ec-2d1efe5928b4.live_data.json,,700.43,,,,,rUH8SYH2sd,686375,19:39.3,618a8b49-320a-4377-95ec-2d1efe5928b4,,,,,,,,19:39.3,UTC-0800,1.0204772,,,,,,56:27.0,1.3101667,1001,45:01.0,,com.sec.android.app.shealth,,,34.88,,,,
,b781116c-bff2-47ac-a293-8caf6f93db83.live_data.json,,740.96,,,,,rUH8SYH2sd,665463,29:50.0,b781116c-bff2-47ac-a293-8caf6f93db83,,,,,,,,29:50.0,UTC-0800,1.1134504,,,,,,25:05.0,1.1666666,1001,14:00.0,,com.sec.android.app.shealth,,,34.1,,,,
,c9ab3d00-052e-47b6-b30a-9f82c14edf9f.live_data.json,,851.12,,,,,rUH8SYH2sd,780000,57:07.5,c9ab3d00-052e-47b6-b30a-9f82c14edf9f,,,,,,,,57:07.5,UTC-0800,1.0911795,,,,,,54:00.0,1.3408422,1001,41:00.0,,com.sec.android.app.shealth,,,39.71,,,,
,d258d205-df8f-4db1-8c15-dddfbac9ef42.live_data.json,,887.61,,,,,rUH8SYH2sd,820193,10:53.0,d258d205-df8f-4db1-8c15-dddfbac9ef42,,,,,,,,10:53.0,UTC-0800,1.0821965,,,,,,09:41.0,1.3611112,1001,56:01.0,,com.sec.android.app.shealth,,,39.399998,,,,
,27dea5f5-0669-4f07-b795-0a13765e4806.live_data.json,,735.14,,,,,rUH8SYH2sd,667846,11:58.4,27dea5f5-0669-4f07-b795-0a13765e4806,,,,,,,,11:58.4,UTC-0800,1.1007627,,,,,,04:32.0,1.2222222,1001,53:25.0,,com.sec.android.app.shealth,,,31.83,,,,
,160667b8-5795-47d2-b2dc-de9ab669ca3e.live_data.json,,784.98,,,,,rUH8SYH2sd,666193,03:25.5,160667b8-5795-47d2-b2dc-de9ab669ca3e,,,,,,,,03:25.5,UTC-0800,1.1783072,,,,,,02:06.0,1.3333334,1001,51:00.0,,com.sec.android.app.shealth,,,34.57,,,,
,2de69772-5fe0-4885-a869-4dfcddc8a130.live_data.json,,877.18,,,,,rUH8SYH2sd,806087,54:12.3,2de69772-5fe0-4885-a869-4dfcddc8a130,,,,,,,,54:12.3,UTC-0800,1.0881952,,,,,,52:26.0,1.25,1001,39:00.0,,com.sec.android.app.shealth,,,43.06,,,,
,dba4f8ae-022e-46c1-bbf0-e835d5a9ea05.live_data.json,,980.21,,,,,rUH8SYH2sd,810272,01:17.7,dba4f8ae-022e-46c1-bbf0-e835d5a9ea05,,,,,,,,01:17.7,UTC-0800,1.2097297,,,,,,59:34.0,1.3611112,1001,46:04.0,,com.sec.android.app.shealth,,,46.24,,,,
,a55c7bca-1bc5-4870-b9ad-a0103682f011.live_data.json,,870.54,,,,,rUH8SYH2sd,706505,05:42.5,a55c7bca-1bc5-4870-b9ad-a0103682f011,,,,,,,,05:42.5,UTC-0800,1.2321781,,,,,,04:05.0,1.2777778,1001,52:19.0,,com.sec.android.app.shealth,,,38.38,,,,
,f7a8add8-496e-47b3-bd29-e2edfeabf3d2.live_data.json,,944.9,,,,,rUH8SYH2sd,813612,13:03.7,f7a8add8-496e-47b3-bd29-e2edfeabf3d2,,,,,,,,13:03.7,UTC-0800,1.1613643,,,,,,10:33.0,1.5555556,1001,57:00.0,,com.sec.android.app.shealth,,,42.42,,,,
,09fa381e-5960-4a89-81b9-59f594558472.live_data.json,,698.99,,,,,rUH8SYH2sd,676005,55:08.7,09fa381e-5960-4a89-81b9-59f594558472,,,,,,,,55:08.7,UTC-0800,1.0340012,,,,,,00:16.0,1.3055556,1001,49:00.0,,com.sec.android.app.shealth,,,32.24,,,,
,58c21c28-508d-46fa-99af-e19414ef464d.live_data.json,,985.75,,,,,rUH8SYH2sd,882480,18:26.8,58c21c28-508d-46fa-99af-e19414ef464d,,,,,,,,18:26.8,UTC-0800,1.1170224,,,,,,06:43.0,1.25,1001,52:01.0,,com.sec.android.app.shealth,,,45.26,,,,
,cefaeff6-74b8-43ba-b97b-9197bd041e18.live_data.json,,1097.38,,,,,rUH8SYH2sd,966283,10:32.2,cefaeff6-74b8-43ba-b97b-9197bd041e18,,,,,,,,10:32.2,UTC-0800,1.1356714,,,,,,05:06.0,1.3611112,1001,49:00.0,,com.sec.android.app.shealth,,,48.05,,,,
,ecd3b2e5-0dd1-4fa9-96ad-1fd32ae13e32.live_data.json,,917.2,,,,,rUH8SYH2sd,780000,57:30.1,ecd3b2e5-0dd1-4fa9-96ad-1fd32ae13e32,,,,,,,,57:30.1,UTC-0800,1.1758974,,,,,,52:00.0,1.26,1001,39:00.0,,com.sec.android.app.shealth,,,41.2,,,,
,4d921e09-793d-4e53-822b-5be9517971b8.live_data.json,,899.64996,,,,,rUH8SYH2sd,798145,11:44.7,4d921e09-793d-4e53-822b-5be9517971b8,,,,,,,,11:44.7,UTC-0800,1.1271762,,,,,,10:18.0,1.25,1001,57:00.0,,com.sec.android.app.shealth,,,41.239998,,,,
,338600b8-e5d9-41f4-a54f-e1fbe26397c4.live_data.json,,835.7,,,,,rUH8SYH2sd,706040,52:51.2,338600b8-e5d9-41f4-a54f-e1fbe26397c4,,,,,,,,52:51.2,UTC-0800,1.183644,,,,,,51:46.0,1.2815,1001,40:00.0,,com.sec.android.app.shealth,,,40.26,,,,
,ae40f6a9-67f3-4f51-af19-136dfe53563f.live_data.json,,862.11,,,,,rUH8SYH2sd,698988,55:49.0,ae40f6a9-67f3-4f51-af19-136dfe53563f,,,,,,,,55:49.0,UTC-0800,1.2333689,,,,,,53:38.0,1.321,1001,42:00.0,,com.sec.android.app.shealth,,,41.09,,,,
,a0f9c674-4884-4d90-85b9-7a6738928446.live_data.json,,887.62,,,,,rUH8SYH2sd,758078,12:18.5,a0f9c674-4884-4d90-85b9-7a6738928446,,,,,,,,12:18.5,UTC-0800,1.1708821,,,,,,10:38.0,1.2777778,1001,58:00.0,,com.sec.android.app.shealth,,,40.61,,,,
,09d08302-8a2a-41c2-9c21-282d9ab24121.live_data.json,,719.58997,,,,,rUH8SYH2sd,704301,07:26.6,09d08302-8a2a-41c2-9c21-282d9ab24121,,,,,,,,07:26.6,UTC-0800,1.021708,,,,,,02:44.0,1.3055556,1001,51:00.0,,com.sec.android.app.shealth,,,34.04,,,,
,4b803256-1902-40de-8d83-6f86d8662b2e.live_data.json,,730.43,,,,,rUH8SYH2sd,664167,27:10.0,4b803256-1902-40de-8d83-6f86d8662b2e,,,,,,,,27:10.0,UTC-0800,1.0997686,,,,,,03:38.0,1.3055556,1001,52:34.0,,com.sec.android.app.shealth,,,33.67,,,,
,1ac22854-e41c-4ad2-9311-063b6d56d3a5.live_data.json,,984.46,,,,,rUH8SYH2sd,804105,01:18.5,1ac22854-e41c-4ad2-9311-063b6d56d3a5,,,,,,,,01:18.5,UTC-0800,1.2242928,,,,,,00:03.0,1.2777778,1001,46:39.0,,com.sec.android.app.shealth,,,45.23,,,,
,6bb13290-f3fd-4309-9c98-e2cf7eb2be0c.live_data.json,,1102.61,,,,,rUH8SYH2sd,943803,39:03.5,6bb13290-f3fd-4309-9c98-e2cf7eb2be0c,,,,,,,,39:03.5,UTC-0800,1.1682628,,,,,,33:22.0,1.3256667,1001,17:39.0,,com.sec.android.app.shealth,,,46.96,,,,
,6370817a-79b7-4c3e-9751-d74d96442225.live_data.json,,846.89996,,,,,rUH8SYH2sd,746298,52:10.2,6370817a-79b7-4c3e-9751-d74d96442225,,,,,,,,52:10.2,UTC-0800,1.1348013,,,,,,49:26.0,1.3333333,1001,37:00.0,,com.sec.android.app.shealth,,,39.54,,,,
,50454637-73f5-4115-8fe0-278d8a7ead24.live_data.json,,1120.01,,,,,rUH8SYH2sd,1025522,12:43.9,50454637-73f5-4115-8fe0-278d8a7ead24,,,,,,,,12:43.9,UTC-0800,1.0921365,,,,,,11:05.0,1.2222222,1001,54:00.0,,com.sec.android.app.shealth,,,50.36,,,,
,1a0126c7-e347-448a-aa2d-f92ecf2e5bb8.live_data.json,,709.32,,,,,rUH8SYH2sd,675320,52:04.2,1a0126c7-e347-448a-aa2d-f92ecf2e5bb8,,,,,,,,52:04.2,UTC-0800,1.0503465,,,,,,40:15.0,1.3973298,1001,29:00.0,,com.sec.android.app.shealth,,,30.97,,,,
,6fde34b6-9509-4142-af9b-cb2a98b007b3.live_data.json,,1145.87,,,,,rUH8SYH2sd,948666,10:49.4,6fde34b6-9509-4142-af9b-cb2a98b007b3,,,,,,,,10:49.4,UTC-0800,1.207875,,,,,,58:53.0,1.2777778,1001,43:05.0,,com.sec.android.app.shealth,,,51.4,,,,
,1048bbf6-a05f-4b04-92fd-25c026522726.live_data.json,,739.98,,,,,rUH8SYH2sd,670614,51:13.6,1048bbf6-a05f-4b04-92fd-25c026522726,,,,,,,,51:13.6,UTC-0800,1.1034366,,,,,,51:12.0,1.2638333,1001,40:02.0,,com.sec.android.app.shealth,,,31.76,,,,
,43ea90ed-93af-4cd1-8c3c-f115790e576d.live_data.json,,957.05,,,,,rUH8SYH2sd,800338,20:16.0,43ea90ed-93af-4cd1-8c3c-f115790e576d,,,,,,,,20:16.0,UTC-0800,1.1958071,,,,,,16:31.0,1.2835431,1001,03:11.0,,com.sec.android.app.shealth,,,41.84,,,,
,dd6fc45b-c2c9-48e3-ad59-a6428472c493.live_data.json,,749.97,,,,,rUH8SYH2sd,675124,21:42.6,dd6fc45b-c2c9-48e3-ad59-a6428472c493,,,,,,,,21:42.6,UTC-0800,1.1108626,,,,,,21:15.0,1.5833334,1001,10:00.0,,com.sec.android.app.shealth,,,32.85,,,,
,7b70856c-111b-49fc-ae73-a572c94c3f64.live_data.json,,872.68,,,,,rUH8SYH2sd,754680,39:26.4,7b70856c-111b-49fc-ae73-a572c94c3f64,,,,,,,,39:26.4,UTC-0800,1.1563576,,,,,,37:34.0,1.3888888,1001,25:00.0,,com.sec.android.app.shealth,,,39.670002,,,,
,3e6af67e-e65a-4a51-8fb5-0d2159b3aad4.live_data.json,,732.81,,,,,rUH8SYH2sd,674874,36:46.8,3e6af67e-e65a-4a51-8fb5-0d2159b3aad4,,,,,,,,36:46.8,UTC-0800,1.0858471,,,,,,32:14.0,1.2486668,1001,21:00.0,,com.sec.android.app.shealth,,,31.679998,,,,
,af7ef729-d6b2-4898-b910-89a7cae7c62c.live_data.json,,1100.47,,,,,rUH8SYH2sd,966798,53:29.5,af7ef729-d6b2-4898-b910-89a7cae7c62c,,,,,,,,53:29.5,UTC-0800,1.1382626,,,,,,48:07.0,1.4722222,1001,32:00.0,,com.sec.android.app.shealth,,,48.7,,,,
,aec90a61-3303-4b7b-a723-8a954c28edae.live_data.json,,779.16003,,,,,rUH8SYH2sd,653873,52:03.6,aec90a61-3303-4b7b-a723-8a954c28edae,,,,,,,,52:03.6,UTC-0800,1.1916075,,,,,,51:05.0,1.3888888,1001,40:12.0,,com.sec.android.app.shealth,,,34.329998,,,,
,b048a802-abbf-4f0d-b081-80d6bf23d5fc.live_data.json,,939.54,,,,,rUH8SYH2sd,740639,15:01.1,b048a802-abbf-4f0d-b081-80d6bf23d5fc,,,,,,,,15:01.1,UTC-0800,1.2685531,,,,,,05:20.0,1.4444444,1001,53:00.0,,com.sec.android.app.shealth,,,39.96,,,,
,0de38d6c-31f9-4a95-8ad9-60726b54e567.live_data.json,,735.01996,,,,,rUH8SYH2sd,684713,49:43.4,0de38d6c-31f9-4a95-8ad9-60726b54e567,,,,,,,,49:43.4,UTC-0700,1.0734717,,,,,,47:24.0,1.2369999,1001,36:00.0,,com.sec.android.app.shealth,,,33.44,,,,
,d02518ef-f712-4c76-b34a-e6047cbc0c14.live_data.json,,742.36,,,,,rUH8SYH2sd,644698,24:19.3,d02518ef-f712-4c76-b34a-e6047cbc0c14,,,,,,,,24:19.3,UTC-0700,1.151485,,,,,,23:04.0,1.2481403,1001,12:19.0,,com.sec.android.app.shealth,,,33.25,,,,
,af020ee3-f3cc-4b28-8163-3c69ecf4cffe.live_data.json,,1143.15,,,,,rUH8SYH2sd,1024995,14:58.0,af020ee3-f3cc-4b28-8163-3c69ecf4cffe,,,,,,,,14:58.0,UTC-0700,1.1152738,,,,,,03:04.0,1.25,1001,46:00.0,,com.sec.android.app.shealth,,,49.7,,,,
